week,player,market,line,american_price,model_prob_raw,model_prob,model_prob_hybrid,implied_prob,bet_won,actual_value,edge_old,edge_new
2,Baker Mayfield,player_pass_yds,247.5,-108,0.7234,0.5693012600229095,0.5238095238095238,0.5192307692307693,True,215.0,0.05007049079214021,0.0045787545787545625
2,Nico Collins,player_reception_yds,80.5,-115,0.9584,0.7712737127371274,0.5282051282051281,0.5348837209302325,True,52.0,0.2363899918068949,-0.006678592725104404
2,Sterling Shepard,player_reception_yds,28.5,-115,0.6294,0.5599356395816572,0.5138888888888888,0.5348837209302325,True,34.0,0.025051918651424643,-0.02099483204134367
2,Xavier Hutchinson,player_reception_yds,41.5,-120,0.8254,0.6191051995163241,0.5282051282051281,0.5454545454545454,True,29.0,0.07365065406177873,-0.01724941724941731
2,Bucky Irving,player_receptions,3.5,140,0.9994,0.7712737127371274,0.575,0.4166666666666667,False,6.0,0.35460704607046073,0.15833333333333327
2,Mike Evans,player_reception_yds,58.5,-115,0.5644,0.5599356395816572,0.4461538461538462,0.5348837209302325,True,56.0,0.025051918651424643,-0.08872987477638633
2,Justin Watson,player_reception_yds,11.5,-110,0.7022,0.5693012600229095,0.5238095238095238,0.5238095238095238,False,3.0,0.04549173621338565,0.0
2,Jayden Higgins,player_reception_yds,16.5,-120,0.6184,0.5599356395816572,0.5138888888888888,0.5454545454545454,True,28.0,0.014481094127111738,-0.031565656565656575
2,Dalton Schultz,player_reception_yds,23.5,-115,0.5666,0.5599356395816572,0.4461538461538462,0.5348837209302325,True,29.0,0.025051918651424643,-0.08872987477638633
2,Cade Otton,player_reception_yds,29.5,-115,0.6446,0.5599356395816572,0.5138888888888888,0.5348837209302325,True,25.0,0.025051918651424643,-0.02099483204134367
2,Bucky Irving,player_reception_yds,23.5,-115,0.9898,0.7712737127371274,0.5282051282051281,0.5348837209302325,False,50.0,0.2363899918068949,-0.006678592725104404
2,Emeka Egbuka,player_receptions,5.5,114,0.6024,0.5599356395816572,0.5,0.4672897196261682,True,4.0,0.09264591995548893,0.03271028037383178
2,Woody Marks,player_rush_yds,14.5,-105,0.7312,0.5693012600229095,0.5238095238095238,0.5121951219512195,False,14.0,0.05710613807168996,0.011614401858304313
2,Rachaad White,player_rush_yds,17.5,-105,0.7146,0.5693012600229095,0.5238095238095238,0.5121951219512195,True,65.0,0.05710613807168996,0.011614401858304313
2,C.J. Stroud,player_rush_yds,10.5,-120,0.778,0.5821917808219178,0.5282051282051281,0.5454545454545454,True,27.0,0.03673723536737239,-0.01724941724941731
2,Bucky Irving,player_rush_yds,88.5,-115,0.7724,0.5821917808219178,0.5238095238095238,0.5348837209302325,True,71.0,0.047308059891685295,-0.011074197120708673
2,Baker Mayfield,player_rush_yds,15.5,-110,0.6952,0.5693012600229095,0.5238095238095238,0.5238095238095238,True,33.0,0.04549173621338565,0.0
2,Xavier Hutchinson,player_receptions,3.5,-145,0.8898,0.6210670314637484,0.5282051282051281,0.5918367346938775,True,2.0,0.029230296769870878,-0.06363160648874944
2,Harrison Bryant,player_receptions,0.5,-110,0.9188,0.75,0.5282051282051281,0.5238095238095238,False,0.0,0.22619047619047616,0.004395604395604269
2,Sterling Shepard,player_receptions,2.5,105,0.7126,0.5693012600229095,0.5238095238095238,0.4878048780487805,True,4.0,0.081496381974129,0.03600464576074336
2,Rachaad White,player_receptions,0.5,110,0.7042,0.5693012600229095,0.5238095238095238,0.4761904761904761,False,2.0,0.09311078383243337,0.04761904761904773
2,Nico Collins,player_receptions,4.5,120,0.8526,0.6210670314637484,0.5282051282051281,0.4545454545454545,True,3.0,0.16652157691829395,0.07365967365967363
2,Nick Chubb,player_receptions,1.5,154,0.951,0.7712737127371274,0.5282051282051281,0.3937007874015748,False,2.0,0.3775729253355526,0.13450434080355328
2,Jaylin Noel,player_receptions,0.5,-135,0.882,0.6210670314637484,0.5282051282051281,0.574468085106383,False,0.0,0.04659894635736539,-0.046262956901254926
3,Jake Browning,player_pass_tds,1.5,112,0.8658,0.8658,0.5282051282051281,0.4716981132075472,False,1.0,0.39410188679245284,0.05650701499758093
3,Carson Wentz,player_pass_yds,213.5,-111,0.5914,0.5599356395816572,0.4461538461538462,0.5260663507109005,True,173.0,0.033869288870756686,-0.07991250455705429
3,Jake Browning,player_pass_yds,237.5,-112,0.7158,0.5693012600229095,0.5238095238095238,0.5283018867924528,True,140.0,0.04099937323045666,-0.004492362982928988
3,Chase Brown,player_receptions,2.5,-103,0.996,0.7712737127371274,0.575,0.5073891625615764,False,4.0,0.263884550175551,0.06761083743842355
3,Ja'Marr Chase,player_receptions,6.5,-145,0.8756,0.6210670314637484,0.5282051282051281,0.5918367346938775,True,5.0,0.029230296769870878,-0.06363160648874944
3,Jordan Mason,player_receptions,2.5,-119,0.994,0.7712737127371274,0.575,0.54337899543379,True,0.0,0.22789471730333744,0.031621004566209976
3,T.J. Hockenson,player_receptions,4.5,-143,0.8772,0.6210670314637484,0.5282051282051281,0.588477366255144,False,5.0,0.0325896652086044,-0.060272238050015914
3,Tee Higgins,player_receptions,4.5,-110,0.6736,0.5599356395816572,0.5192307692307693,0.5238095238095238,True,1.0,0.036126115772133316,-0.0045787545787545625
3,Carson Wentz,player_rush_yds,10.5,-109,0.9388,0.7712737127371274,0.5282051282051281,0.5215311004784688,True,4.0,0.24974261225865857,0.00667402772665926
3,Chase Brown,player_rush_yds,69.5,-111,0.673,0.5599356395816572,0.5192307692307693,0.5260663507109005,True,3.0,0.033869288870756686,-0.006835581480131192
3,Adam Thielen,player_reception_yds,24.5,-115,0.6484,0.5599356395816572,0.5138888888888888,0.5348837209302325,True,0.0,0.025051918651424643,-0.02099483204134367
3,Chase Brown,player_reception_yds,15.5,-110,0.962,0.7712737127371274,0.5282051282051281,0.5238095238095238,False,17.0,0.24746418892760358,0.004395604395604269
3,Ja'Marr Chase,player_reception_yds,73.5,-111,0.7694,0.5821917808219178,0.5238095238095238,0.5260663507109005,True,50.0,0.05612543011101734,-0.0022568269013766296
3,Jalen Nailor,player_reception_yds,30.5,-115,0.634,0.5599356395816572,0.5138888888888888,0.5348837209302325,False,37.0,0.025051918651424643,-0.02099483204134367
3,Jake Browning,player_rush_yds,11.5,-120,0.9054,0.6210670314637484,0.5282051282051281,0.5454545454545454,True,3.0,0.075612486009203,-0.01724941724941731
3,Justin Jefferson,player_reception_yds,77.5,-112,0.6838,0.5599356395816572,0.5192307692307693,0.5283018867924528,True,75.0,0.03163375278920433,-0.00907111756168355
3,Noah Fant,player_reception_yds,18.5,-112,0.6356,0.5599356395816572,0.5138888888888888,0.5283018867924528,True,26.0,0.03163375278920433,-0.014412997903563984
3,T.J. Hockenson,player_reception_yds,41.5,-111,0.8946,0.6210670314637484,0.5282051282051281,0.5260663507109005,False,49.0,0.09500068075284795,0.0021387774942276394
3,Tee Higgins,player_reception_yds,54.5,-111,0.6986,0.5693012600229095,0.5238095238095238,0.5260663507109005,True,15.0,0.04323490931200902,-0.0022568269013766296
3,Jordan Mason,player_reception_yds,14.5,-117,0.9554,0.7712737127371274,0.5282051282051281,0.5391705069124424,True,0.0,0.23210320582468502,-0.010965378707314288
3,Jordan Mason,player_rush_yds,77.5,-110,0.7674,0.5821917808219178,0.5238095238095238,0.5238095238095238,False,116.0,0.05838225701239397,0.0
3,Deebo Samuel,player_receptions,4.5,-120,0.7226,0.5693012600229095,0.5238095238095238,0.5454545454545454,False,2.0,0.02384671456836407,-0.021645021645021578
3,Brock Bowers,player_receptions,5.5,-113,0.6798,0.5599356395816572,0.5192307692307693,0.5305164319248826,True,4.0,0.029419207656774526,-0.011285662694113352
3,Ashton Jeanty,player_receptions,2.5,-117,0.9932,0.7712737127371274,0.575,0.5391705069124424,True,0.0,0.23210320582468502,0.03582949308755756
3,Tre Tucker,player_reception_yds,26.5,-114,0.7524,0.5693012600229095,0.5238095238095238,0.5327102803738317,True,145.0,0.03659097964907776,-0.008900756564307888
3,Terry McLaurin,player_reception_yds,48.5,-111,0.6304,0.5599356395816572,0.5138888888888888,0.5260663507109005,False,74.0,0.033869288870756686,-0.012177461822011626
3,Jeremy McNichols,player_reception_yds,8.5,-112,0.8698,0.6210670314637484,0.5282051282051281,0.5283018867924528,True,0.0,0.0927651446712956,-9.675858732471898e-05
3,Deebo Samuel,player_reception_yds,45.5,-116,0.6626,0.5599356395816572,0.5138888888888888,0.5370370370370371,False,11.0,0.02289860254462006,-0.02314814814814825
3,Jaylin Lane,player_reception_yds,19.5,-111,0.595,0.5599356395816572,0.4461538461538462,0.5260663507109005,True,-2.0,0.033869288870756686,-0.07991250455705429
3,Jakobi Meyers,player_reception_yds,62.5,-114,0.7556,0.5693012600229095,0.5238095238095238,0.5327102803738317,False,63.0,0.03659097964907776,-0.008900756564307888
3,Jacory Croskey-Merritt,player_reception_yds,6.5,-121,0.8296,0.6191051995163241,0.5282051282051281,0.5475113122171946,True,5.0,0.07159388729912952,-0.01930618401206652
3,Dont'e Thornton,player_reception_yds,25.5,-109,0.5542,0.5222222222222223,0.36363636363636365,0.5215311004784688,False,29.0,0.000691121743753409,-0.1578947368421052
3,Marcus Mariota,player_pass_yds,204.5,-111,0.5756,0.5599356395816572,0.4461538461538462,0.5260663507109005,False,207.0,0.033869288870756686,-0.07991250455705429
3,Geno Smith,player_pass_yds,240.5,-111,0.7226,0.5693012600229095,0.5238095238095238,0.5260663507109005,False,289.0,0.04323490931200902,-0.0022568269013766296
3,Marcus Mariota,player_pass_tds,1.5,152,0.4236,0.4236,0.36363636363636365,0.3968253968253968,False,1.0,0.026774603174603173,-0.03318903318903316
3,Ashton Jeanty,player_reception_yds,13.5,-118,0.9424,0.7712737127371274,0.5282051282051281,0.5412844036697247,True,0.0,0.22998930906740267,-0.01307927546459664
3,Brock Bowers,player_reception_yds,60.5,-114,0.6748,0.5599356395816572,0.5192307692307693,0.5327102803738317,True,38.0,0.027225359207825428,-0.01347951114306245
3,Geno Smith,player_pass_tds,1.5,119,0.8764,0.8764,0.5282051282051281,0.45662100456621,True,3.0,0.41977899543378994,0.07158412363891808
3,Marcus Mariota,player_rush_yds,28.5,-110,0.9942,0.7712737127371274,0.575,0.5238095238095238,False,40.0,0.24746418892760358,0.05119047619047612
3,Ashton Jeanty,player_rush_yds,62.5,-113,0.6298,0.5599356395816572,0.5138888888888888,0.5305164319248826,False,63.0,0.029419207656774526,-0.016627543035993786
3,Zach Ertz,player_receptions,3.5,-123,0.5682,0.5599356395816572,0.4461538461538462,0.5515695067264574,False,3.0,0.008366132855199715,-0.10541566057261126
3,Tre Tucker,player_receptions,2.5,-107,0.8498,0.6191405293534604,0.5282051282051281,0.5169082125603864,True,8.0,0.10223231679307399,0.011296915644741667
3,Jeremy McNichols,player_receptions,1.5,-121,0.9508,0.7712737127371274,0.5282051282051281,0.5475113122171946,True,0.0,0.2237624005199328,-0.01930618401206652
3,Jakobi Meyers,player_receptions,5.5,-117,0.7504,0.5693012600229095,0.5238095238095238,0.5391705069124424,True,3.0,0.03013075311046709,-0.015360983102918557
3,Jacory Croskey-Merritt,player_receptions,1.5,-148,0.9504,0.7712737127371274,0.5282051282051281,0.5967741935483871,True,1.0,0.1744995191887403,-0.06856906534325902
3,Trevor Lawrence,player_pass_tds,1.5,118,0.8592,0.8592,0.5282051282051281,0.4587155963302752,False,0.0,0.40048440366972476,0.0694895318748529
3,C.J. Stroud,player_pass_yds,224.5,-112,0.6382,0.5599356395816572,0.5138888888888888,0.5283018867924528,True,204.0,0.03163375278920433,-0.014412997903563984
3,Trevor Lawrence,player_pass_yds,227.5,-112,0.665,0.5599356395816572,0.5138888888888888,0.5283018867924528,True,222.0,0.03163375278920433,-0.014412997903563984
3,C.J. Stroud,player_pass_tds,1.5,140,0.8712,0.8712,0.5282051282051281,0.4166666666666667,False,1.0,0.4545333333333333,0.11153846153846142
3,Dyami Brown,player_receptions,3.5,126,0.68,0.5599356395816572,0.5192307692307693,0.4424778761061947,False,2.0,0.11745776347546244,0.07675289312457456
3,Jayden Higgins,player_receptions,1.5,-122,0.615,0.5599356395816572,0.5,0.5495495495495496,False,1.0,0.010386090032107553,-0.0495495495495496
3,Nick Chubb,player_receptions,1.5,-159,0.9502,0.7712737127371274,0.5282051282051281,0.6138996138996139,False,3.0,0.15737409883751352,-0.08569448569448579
3,Nico Collins,player_receptions,5.5,-107,0.7354,0.5693012600229095,0.5238095238095238,0.5169082125603864,False,8.0,0.052393047462523046,0.0069013112491373985
3,Travis Etienne,player_receptions,2.5,-152,0.994,0.7712737127371274,0.575,0.6031746031746031,True,0.0,0.16809910956252427,-0.028174603174603186
3,C.J. Stroud,player_rush_yds,15.5,-115,0.677,0.5599356395816572,0.5192307692307693,0.5348837209302325,True,22.0,0.025051918651424643,-0.015652951699463236
3,Nick Chubb,player_rush_yds,53.5,-115,0.7134,0.5693012600229095,0.5238095238095238,0.5348837209302325,True,38.0,0.034417539092676974,-0.011074197120708673
3,Travis Etienne,player_rush_yds,56.5,-112,0.5732,0.5599356395816572,0.4461538461538462,0.5283018867924528,True,56.0,0.03163375278920433,-0.08214804063860665
3,Trevor Lawrence,player_rush_yds,10.5,-108,0.6032,0.5599356395816572,0.5,0.5192307692307693,True,9.0,0.04070487035088788,-0.019230769230769273
3,Woody Marks,player_rush_yds,19.5,-110,0.7014,0.5693012600229095,0.5238095238095238,0.5238095238095238,True,27.0,0.04549173621338565,0.0
3,Christian Kirk,player_receptions,3.5,-110,0.7076,0.5693012600229095,0.5238095238095238,0.5238095238095238,True,3.0,0.04549173621338565,0.0
3,Brenton Strange,player_reception_yds,29.5,-115,0.5834,0.5599356395816572,0.4461538461538462,0.5348837209302325,False,61.0,0.025051918651424643,-0.08872987477638633
3,Brian Thomas,player_reception_yds,61.5,-112,0.6784,0.5599356395816572,0.5192307692307693,0.5283018867924528,True,55.0,0.03163375278920433,-0.00907111756168355
3,Christian Kirk,player_reception_yds,38.5,-109,0.729,0.5693012600229095,0.5238095238095238,0.5215311004784688,True,25.0,0.04777015954444064,0.0022784233310549906
3,Dyami Brown,player_reception_yds,33.5,-114,0.6492,0.5599356395816572,0.5138888888888888,0.5327102803738317,False,7.0,0.027225359207825428,-0.018821391484942884
3,Jayden Higgins,player_reception_yds,15.5,-107,0.6206,0.5599356395816572,0.5138888888888888,0.5169082125603864,False,5.0,0.043027427021270714,-0.003019323671497598
3,Nick Chubb,player_reception_yds,5.5,-107,0.811,0.6191051995163241,0.5282051282051281,0.5169082125603864,True,2.0,0.10219698695593771,0.011296915644741667
3,Nico Collins,player_reception_yds,73.5,-111,0.763,0.5821917808219178,0.5238095238095238,0.5260663507109005,False,104.0,0.05612543011101734,-0.0022568269013766296
3,Travis Etienne,player_reception_yds,13.5,-111,0.9402,0.7712737127371274,0.5282051282051281,0.5260663507109005,True,0.0,0.24520736202622695,0.0021387774942276394
3,Travis Hunter,player_reception_yds,39.5,-110,0.6748,0.5599356395816572,0.5192307692307693,0.5238095238095238,True,21.0,0.036126115772133316,-0.0045787545787545625
3,Baker Mayfield,player_pass_tds,1.5,-156,0.8552,0.8552,0.5282051282051281,0.609375,False,1.0,0.24582499999999996,-0.0811698717948719
3,Cade Otton,player_reception_yds,31.5,-112,0.7682,0.5821917808219178,0.5238095238095238,0.5283018867924528,True,0.0,0.05388989402946498,-0.004492362982928988
3,Emeka Egbuka,player_receptions,3.5,-123,0.7854,0.5821917808219178,0.5282051282051281,0.5515695067264574,True,6.0,0.030622274095460367,-0.023364378521329332
3,Garrett Wilson,player_receptions,5.5,107,0.6842,0.5599356395816572,0.5192307692307693,0.4830917874396135,False,10.0,0.07684385214204364,0.036138981791155766
3,Mike Evans,player_receptions,5.5,-118,0.7274,0.5693012600229095,0.5238095238095238,0.5412844036697247,True,4.0,0.028016856353184738,-0.01747487986020091
3,Braelon Allen,player_rush_yds,16.5,-116,0.719,0.5693012600229095,0.5238095238095238,0.5370370370370371,True,30.0,0.03226422298587239,-0.013227513227513255
3,Breece Hall,player_rush_yds,59.5,-114,0.6228,0.5599356395816572,0.5138888888888888,0.5327102803738317,True,21.0,0.027225359207825428,-0.018821391484942884
3,Bucky Irving,player_rush_yds,70.5,-110,0.6782,0.5599356395816572,0.5192307692307693,0.5238095238095238,True,66.0,0.036126115772133316,-0.0045787545787545625
3,Rachaad White,player_rush_yds,23.5,-116,0.6366,0.5599356395816572,0.5138888888888888,0.5370370370370371,False,12.0,0.02289860254462006,-0.02314814814814825
3,Tyrod Taylor,player_rush_yds,27.5,-115,0.8542,0.6210670314637484,0.5282051282051281,0.5348837209302325,False,48.0,0.08618331053351591,-0.006678592725104404
3,Bucky Irving,player_receptions,3.5,-142,0.9996,0.7712737127371274,0.575,0.5867768595041323,False,4.0,0.18449685323299514,-0.01177685950413232
3,Emeka Egbuka,player_reception_yds,40.5,-111,0.6018,0.5599356395816572,0.5,0.5260663507109005,True,85.0,0.033869288870756686,-0.026066350710900466
3,Baker Mayfield,player_pass_yds,236.5,-113,0.7002,0.5693012600229095,0.5238095238095238,0.5305164319248826,True,233.0,0.03878482809802686,-0.0067069081153587895
3,Breece Hall,player_reception_yds,22.5,-110,0.9732,0.7712737127371274,0.5282051282051281,0.5238095238095238,False,31.0,0.24746418892760358,0.004395604395604269
3,Bucky Irving,player_reception_yds,21.5,-115,0.9794,0.7712737127371274,0.5282051282051281,0.5348837209302325,False,33.0,0.2363899918068949,-0.006678592725104404
3,Tyrod Taylor,player_pass_tds,0.5,-215,0.9692,0.9692,0.5282051282051281,0.6825396825396826,True,2.0,0.2866603174603174,-0.15433455433455445
3,Garrett Wilson,player_reception_yds,65.5,-112,0.6806,0.5599356395816572,0.5192307692307693,0.5283018867924528,False,84.0,0.03163375278920433,-0.00907111756168355
3,Mason Taylor,player_reception_yds,22.5,-109,0.6096,0.5599356395816572,0.5,0.5215311004784688,True,18.0,0.03840453910318831,-0.021531100478468845
3,Mike Evans,player_reception_yds,69.5,-111,0.7602,0.5693012600229095,0.5238095238095238,0.5260663507109005,True,33.0,0.04323490931200902,-0.0022568269013766296
3,Breece Hall,player_receptions,3.5,-170,0.9996,0.7712737127371274,0.575,0.6296296296296297,False,4.0,0.14164408310749776,-0.054629629629629695
3,Bo Nix,player_pass_tds,1.5,126,0.871,0.871,0.5282051282051281,0.4424778761061947,False,1.0,0.4285221238938053,0.08572725209893339
3,Ladd McConkey,player_receptions,5.5,-128,0.7364,0.5693012600229095,0.5238095238095238,0.5614035087719298,True,4.0,0.00789775125097969,-0.03759398496240596
3,Marvin Mims,player_receptions,2.5,-112,0.5754,0.5599356395816572,0.4461538461538462,0.5283018867924528,True,1.0,0.03163375278920433,-0.08214804063860665
3,Omarion Hampton,player_receptions,1.5,137,0.951,0.7712737127371274,0.5282051282051281,0.4219409282700422,False,6.0,0.3493327844670852,0.1062641999350859
3,Quentin Johnston,player_receptions,3.5,-124,0.8096,0.6144732706354629,0.5282051282051281,0.5535714285714286,True,6.0,0.06090184206403426,-0.025366300366300498
3,RJ Harvey,player_receptions,1.5,-108,0.954,0.7712737127371274,0.5282051282051281,0.5192307692307693,False,3.0,0.25204294350635814,0.008974358974358831
3,Troy Franklin,player_receptions,3.5,-149,0.8236,0.6191051995163241,0.5282051282051281,0.5983935742971888,False,2.0,0.020711625219135388,-0.07018844609206065
3,Bo Nix,player_rush_yds,22.5,-108,0.5618,0.5599356395816572,0.4461538461538462,0.5192307692307693,True,33.0,0.04070487035088788,-0.0730769230769231
3,J.K. Dobbins,player_rush_yds,49.5,-109,0.5612,0.5599356395816572,0.36363636363636365,0.5215311004784688,False,83.0,0.03840453910318831,-0.1578947368421052
3,Justin Herbert,player_rush_yds,23.5,-111,0.7926,0.5821917808219178,0.5282051282051281,0.5260663507109005,False,6.0,0.05612543011101734,0.0021387774942276394
3,Najee Harris,player_rush_yds,25.5,-113,0.6382,0.5599356395816572,0.5138888888888888,0.5305164319248826,True,28.0,0.029419207656774526,-0.016627543035993786
3,RJ Harvey,player_rush_yds,22.5,-113,0.688,0.5693012600229095,0.5192307692307693,0.5305164319248826,False,2.0,0.03878482809802686,-0.011285662694113352
3,Justin Herbert,player_pass_tds,1.5,-114,0.868,0.868,0.5282051282051281,0.5327102803738317,False,1.0,0.33528971962616827,-0.004505152168703619
3,Bo Nix,player_pass_yds,218.5,-113,0.6486,0.5599356395816572,0.5138888888888888,0.5305164319248826,True,153.0,0.029419207656774526,-0.016627543035993786
3,Justin Herbert,player_pass_yds,252.5,-113,0.7632,0.5821917808219178,0.5238095238095238,0.5305164319248826,False,300.0,0.05167534889703518,-0.0067069081153587895
3,Courtland Sutton,player_reception_yds,55.5,-110,0.7648,0.5821917808219178,0.5238095238095238,0.5238095238095238,False,118.0,0.05838225701239397,0.0
3,J.K. Dobbins,player_reception_yds,7.5,-109,0.8758,0.6210670314637484,0.5282051282051281,0.5215311004784688,True,0.0,0.09953593098527957,0.00667402772665926
3,J.K. Dobbins,player_receptions,1.5,110,0.9468,0.7712737127371274,0.5282051282051281,0.4761904761904761,True,1.0,0.2950832365466513,0.052014652014651996
3,Ladd McConkey,player_reception_yds,65.5,-112,0.7648,0.5821917808219178,0.5238095238095238,0.5283018867924528,True,41.0,0.05388989402946498,-0.004492362982928988
3,Keenan Allen,player_reception_yds,51.5,-109,0.6018,0.5599356395816572,0.5,0.5215311004784688,False,65.0,0.03840453910318831,-0.021531100478468845
3,Courtland Sutton,player_receptions,4.5,-102,0.6304,0.5599356395816572,0.5138888888888888,0.504950495049505,False,6.0,0.0549851445321522,0.008938393839383885
3,Marvin Mims,player_reception_yds,26.5,-109,0.5776,0.5599356395816572,0.4461538461538462,0.5215311004784688,True,4.0,0.03840453910318831,-0.07537725432462267
3,Troy Franklin,player_reception_yds,42.5,-109,0.6428,0.5599356395816572,0.5138888888888888,0.5215311004784688,False,8.0,0.03840453910318831,-0.007642211589580006
3,Quentin Johnston,player_reception_yds,45.5,-109,0.6312,0.5599356395816572,0.5138888888888888,0.5215311004784688,True,89.0,0.03840453910318831,-0.007642211589580006
3,Omarion Hampton,player_reception_yds,10.5,-116,0.925,0.7712737127371274,0.5282051282051281,0.5370370370370371,False,59.0,0.23423667570009032,-0.008831908831908986
3,RJ Harvey,player_reception_yds,9.5,-110,0.8882,0.6210670314637484,0.5282051282051281,0.5238095238095238,False,14.0,0.09725750765422458,0.004395604395604269
4,T.J. Hockenson,player_reception_yds,36.5,-112,0.6656,0.5599356395816572,0.5138888888888888,0.5283018867924528,False,39.0,0.03163375278920433,-0.014412997903563984
4,Justin Jefferson,player_reception_yds,78.5,-114,0.6402,0.5599356395816572,0.5138888888888888,0.5327102803738317,False,126.0,0.027225359207825428,-0.018821391484942884
4,Jordan Mason,player_rush_yds,78.5,-113,0.7658,0.5821917808219178,0.5238095238095238,0.5305164319248826,True,57.0,0.05167534889703518,-0.0067069081153587895
4,Jordan Addison,player_reception_yds,44.5,-113,0.8452,0.6191051995163241,0.5282051282051281,0.5305164319248826,False,114.0,0.08858876759144152,-0.0023113037197545205
4,Jonnu Smith,player_reception_yds,28.5,-111,0.6234,0.5599356395816572,0.5138888888888888,0.5260663507109005,True,6.0,0.033869288870756686,-0.012177461822011626
4,Aaron Rodgers,player_pass_yds,200.5,-113,0.5724,0.5599356395816572,0.4461538461538462,0.5305164319248826,True,200.0,0.029419207656774526,-0.08436258577103645
4,Carson Wentz,player_pass_yds,214.5,-112,0.6394,0.5599356395816572,0.5138888888888888,0.5283018867924528,False,350.0,0.03163375278920433,-0.014412997903563984
4,DK Metcalf,player_reception_yds,50.5,-110,0.7632,0.5821917808219178,0.5238095238095238,0.5238095238095238,False,126.0,0.05838225701239397,0.0
4,Calvin Austin,player_reception_yds,36.5,-112,0.6742,0.5599356395816572,0.5192307692307693,0.5283018867924528,True,13.0,0.03163375278920433,-0.00907111756168355
4,Jaylen Waddle,player_reception_yds,47.5,-110,0.711,0.5693012600229095,0.5238095238095238,0.5238095238095238,False,48.0,0.04549173621338565,0.0
4,Josh Reynolds,player_reception_yds,11.5,-115,0.7174,0.5693012600229095,0.5238095238095238,0.5348837209302325,False,0.0,0.034417539092676974,-0.011074197120708673
4,Allen Lazard,player_receptions,0.5,-145,0.8742,0.6210670314637484,0.5282051282051281,0.5918367346938775,True,1.0,0.029230296769870878,-0.06363160648874944
4,Tyreek Hill,player_reception_yds,89.5,-115,0.8222,0.6191051995163241,0.5282051282051281,0.5348837209302325,True,67.0,0.08422147858609164,-0.006678592725104404
4,Tua Tagovailoa,player_pass_tds,1.5,-220,0.8676,0.8676,0.5282051282051281,0.6875,True,2.0,0.18010000000000004,-0.1592948717948719
4,Justin Fields,player_pass_yds,154.5,-110,0.636,0.5599356395816572,0.5138888888888888,0.5238095238095238,True,226.0,0.036126115772133316,-0.009920634920634996
4,Tua Tagovailoa,player_pass_yds,238.5,-112,0.7224,0.5693012600229095,0.5238095238095238,0.5283018867924528,True,177.0,0.04099937323045666,-0.004492362982928988
4,De'Von Achane,player_reception_yds,23.5,-120,0.9728,0.7712737127371274,0.5282051282051281,0.5454545454545454,True,2.0,0.225819167282582,-0.01724941724941731
4,Allen Lazard,player_reception_yds,5.5,-110,0.8532,0.6210670314637484,0.5282051282051281,0.5238095238095238,True,8.0,0.09725750765422458,0.004395604395604269
4,Arian Smith,player_reception_yds,6.5,-110,0.7696,0.5821917808219178,0.5238095238095238,0.5238095238095238,False,0.0,0.05838225701239397,0.0
4,Breece Hall,player_reception_yds,19.5,-105,0.9678,0.7712737127371274,0.5282051282051281,0.5121951219512195,False,30.0,0.2590785907859079,0.016010006253908582
4,Darren Waller,player_reception_yds,25.5,-115,0.5732,0.5599356395816572,0.4461538461538462,0.5348837209302325,True,27.0,0.025051918651424643,-0.08872987477638633
4,Darren Waller,player_receptions,2.5,175,0.5206,0.3636363636363636,0.36363636363636365,0.3636363636363636,False,3.0,0.0,5.551115123125783e-17
4,Braelon Allen,player_receptions,0.5,114,0.693,0.5693012600229095,0.5238095238095238,0.4672897196261682,True,0.0,0.10201154039674126,0.056519804183355615
4,Ollie Gordon,player_rush_yds,24.5,-110,0.5882,0.5599356395816572,0.4461538461538462,0.5238095238095238,False,10.0,0.036126115772133316,-0.07765567765567766
4,De'Von Achane,player_rush_yds,62.5,-120,0.7682,0.5821917808219178,0.5238095238095238,0.5454545454545454,False,99.0,0.03673723536737239,-0.021645021645021578
4,Breece Hall,player_rush_yds,48.5,-115,0.6458,0.5599356395816572,0.5138888888888888,0.5348837209302325,False,81.0,0.025051918651424643,-0.02099483204134367
4,Braelon Allen,player_rush_yds,41.5,-115,0.6032,0.5599356395816572,0.5,0.5348837209302325,True,26.0,0.025051918651424643,-0.03488372093023251
4,Tyreek Hill,player_receptions,6.5,120,0.8378,0.6191051995163241,0.5282051282051281,0.4545454545454545,True,6.0,0.16455974497086967,0.07365967365967363
4,Josh Reynolds,player_receptions,1.5,145,0.6872,0.5599356395816572,0.5192307692307693,0.4081632653061224,False,0.0,0.15177237427553475,0.11106750392464687
4,De'Von Achane,player_receptions,3.5,120,0.9998,0.7712737127371274,0.575,0.4545454545454545,True,1.0,0.31672825819167294,0.12045454545454548
4,Breece Hall,player_receptions,3.5,-166,0.9998,0.7712737127371274,0.575,0.6240601503759399,False,5.0,0.14721356236118754,-0.049060150375939915
4,Justin Fields,player_pass_tds,0.5,-255,0.9714,0.9714,0.5282051282051281,0.7183098591549296,True,1.0,0.2530901408450704,-0.19010473094980151
5,Adam Thielen,player_reception_yds,6.5,-113,0.7768,0.5821917808219178,0.5238095238095238,0.5305164319248826,False,0.0,0.05167534889703518,-0.0067069081153587895
5,Jerry Jeudy,player_receptions,3.5,-121,0.5942,0.5599356395816572,0.4461538461538462,0.5475113122171946,False,2.0,0.012424327364462529,-0.10135746606334844
5,Jordan Addison,player_receptions,3.5,-123,0.8592,0.6210670314637484,0.5282051282051281,0.5515695067264574,False,5.0,0.06949752473729098,-0.023364378521329332
5,Jordan Mason,player_receptions,1.5,-116,0.9486,0.7712737127371274,0.5282051282051281,0.5370370370370371,False,3.0,0.23423667570009032,-0.008831908831908986
5,Justin Jefferson,player_receptions,5.5,-114,0.5732,0.5599356395816572,0.4461538461538462,0.5327102803738317,True,7.0,0.027225359207825428,-0.08655643421998555
5,Quinshon Judkins,player_receptions,2.5,-153,0.9938,0.7712737127371274,0.575,0.6047430830039525,True,1.0,0.1665306297331749,-0.029743083003952564
5,Carson Wentz,player_rush_yds,8.5,-108,0.8736,0.6210670314637484,0.5282051282051281,0.5192307692307693,False,13.0,0.10183626223297915,0.008974358974358831
5,Dillon Gabriel,player_rush_yds,15.5,-118,0.9586,0.7712737127371274,0.5282051282051281,0.5412844036697247,True,5.0,0.22998930906740267,-0.01307927546459664
5,Jordan Mason,player_rush_yds,62.5,-115,0.6266,0.5599356395816572,0.5138888888888888,0.5348837209302325,True,52.0,0.025051918651424643,-0.02099483204134367
5,Quinshon Judkins,player_rush_yds,73.5,-109,0.6842,0.5599356395816572,0.5192307692307693,0.5215311004784688,False,110.0,0.03840453910318831,-0.002300331247699572
5,Carson Wentz,player_pass_yds,193.5,-113,0.568,0.5599356395816572,0.4461538461538462,0.5305164319248826,False,236.0,0.029419207656774526,-0.08436258577103645
5,Dillon Gabriel,player_pass_tds,0.5,-150,0.9676,0.9676,0.5282051282051281,0.6,True,2.0,0.36760000000000004,-0.07179487179487187
5,Jalen Nailor,player_receptions,1.5,103,0.74,0.5693012600229095,0.5238095238095238,0.4926108374384236,True,3.0,0.07669042258448588,0.031198686371100237
5,Isaiah Bond,player_receptions,2.5,114,0.6012,0.5599356395816572,0.5,0.4672897196261682,True,2.0,0.09264591995548893,0.03271028037383178
5,Harold Fannin,player_reception_yds,27.5,-111,0.762,0.5693012600229095,0.5238095238095238,0.5260663507109005,False,13.0,0.04323490931200902,-0.0022568269013766296
5,Isaiah Bond,player_reception_yds,28.5,-113,0.6464,0.5599356395816572,0.5138888888888888,0.5305164319248826,False,29.0,0.029419207656774526,-0.016627543035993786
5,Jalen Nailor,player_reception_yds,13.5,-110,0.7258,0.5693012600229095,0.5238095238095238,0.5238095238095238,True,27.0,0.04549173621338565,0.0
5,Jerome Ford,player_reception_yds,8.5,-111,0.9226,0.7712737127371274,0.5282051282051281,0.5260663507109005,False,20.0,0.24520736202622695,0.0021387774942276394
5,Jordan Addison,player_reception_yds,40.5,-111,0.7918,0.5821917808219178,0.5282051282051281,0.5260663507109005,False,41.0,0.05612543011101734,0.0021387774942276394
5,Jordan Mason,player_reception_yds,9.5,-110,0.9264,0.7712737127371274,0.5282051282051281,0.5238095238095238,True,4.0,0.24746418892760358,0.004395604395604269
5,Quinshon Judkins,player_reception_yds,13.5,-111,0.9566,0.7712737127371274,0.5282051282051281,0.5260663507109005,False,18.0,0.24520736202622695,0.0021387774942276394
5,T.J. Hockenson,player_reception_yds,30.5,-113,0.5782,0.5599356395816572,0.4461538461538462,0.5305164319248826,False,38.0,0.029419207656774526,-0.08436258577103645
5,Adam Thielen,player_receptions,0.5,178,0.1382,0.3636363636363636,0.36363636363636365,0.3597122302158273,True,0.0,0.003924133420536269,0.003924133420536324
5,Carson Wentz,player_pass_tds,1.5,190,0.863,0.863,0.5282051282051281,0.3448275862068966,False,1.0,0.5181724137931034,0.18337754199823153
5,Bryce Young,player_pass_tds,1.5,120,0.863,0.863,0.5282051282051281,0.4545454545454545,True,2.0,0.4084545454545455,0.07365967365967363
5,Jaylen Waddle,player_receptions,5.5,-131,0.8998,0.6210670314637484,0.5282051282051281,0.5670995670995671,False,6.0,0.05396746436418132,-0.038894438894439
5,Rico Dowdle,player_receptions,2.5,-121,0.9946,0.7712737127371274,0.575,0.5475113122171946,False,3.0,0.2237624005199328,0.027488687782805332
5,Xavier Legette,player_receptions,2.5,-115,0.9196,0.75,0.5282051282051281,0.5348837209302325,False,2.0,0.2151162790697675,-0.006678592725104404
5,Bryce Young,player_rush_yds,12.5,-106,0.6194,0.5599356395816572,0.5138888888888888,0.5145631067961165,True,1.0,0.045372532785540653,-0.0006742179072276588
5,De'Von Achane,player_rush_yds,71.5,-113,0.8032,0.6141732283464567,0.5282051282051281,0.5305164319248826,True,16.0,0.08365679642157409,-0.0023113037197545205
5,Tua Tagovailoa,player_rush_yds,2.5,-104,0.7642,0.5821917808219178,0.5238095238095238,0.5098039215686274,True,5.0,0.07238785925329039,0.01400560224089642
5,Trevor Etienne,player_rush_yds,20.5,-112,0.623,0.5599356395816572,0.5138888888888888,0.5283018867924528,True,22.0,0.03163375278920433,-0.014412997903563984
5,Rico Dowdle,player_rush_yds,60.5,-111,0.727,0.5693012600229095,0.5238095238095238,0.5260663507109005,False,206.0,0.04323490931200902,-0.0022568269013766296
5,De'Von Achane,player_receptions,4.5,117,1.0,0.7712737127371274,0.575,0.4608294930875576,False,6.0,0.3104442196495698,0.11417050691244235
5,Malik Washington,player_receptions,3.5,-124,0.9274,0.7712737127371274,0.5282051282051281,0.5535714285714286,False,4.0,0.2177022841656988,-0.025366300366300498
5,Tua Tagovailoa,player_pass_tds,1.5,-101,0.8668,0.8668,0.5282051282051281,0.5024875621890548,True,3.0,0.36431243781094524,0.025717566016073334
5,Bryce Young,player_pass_yds,209.5,-112,0.63,0.5599356395816572,0.5138888888888888,0.5283018867924528,True,198.0,0.03163375278920433,-0.014412997903563984
5,Tua Tagovailoa,player_pass_yds,216.5,-113,0.674,0.5599356395816572,0.5192307692307693,0.5305164319248826,False,256.0,0.029419207656774526,-0.011285662694113352
5,Darren Waller,player_reception_yds,30.5,-109,0.597,0.5599356395816572,0.4461538461538462,0.5215311004784688,False,78.0,0.03840453910318831,-0.07537725432462267
5,Jaylen Waddle,player_reception_yds,66.5,-110,0.8622,0.6210670314637484,0.5282051282051281,0.5238095238095238,False,110.0,0.09725750765422458,0.004395604395604269
5,De'Von Achane,player_reception_yds,36.5,-111,0.9908,0.7712737127371274,0.5282051282051281,0.5260663507109005,True,30.0,0.24520736202622695,0.0021387774942276394
5,Malik Washington,player_reception_yds,26.5,-108,0.81,0.6191051995163241,0.5282051282051281,0.5192307692307693,True,0.0,0.09987443028555487,0.008974358974358831
5,Xavier Legette,player_reception_yds,22.5,-113,0.8314,0.6191051995163241,0.5282051282051281,0.5305164319248826,True,31.0,0.08858876759144152,-0.0023113037197545205
5,Tommy Tremble,player_reception_yds,27.5,-115,0.58,0.5599356395816572,0.4461538461538462,0.5348837209302325,True,7.0,0.025051918651424643,-0.08872987477638633
5,Tetairoa McMillan,player_reception_yds,64.5,-110,0.7268,0.5693012600229095,0.5238095238095238,0.5238095238095238,False,73.0,0.04549173621338565,0.0
5,Rico Dowdle,player_reception_yds,15.5,-112,0.9812,0.7712737127371274,0.5282051282051281,0.5283018867924528,False,28.0,0.2429718259446746,-9.675858732471898e-05
5,Nick Westbrook-Ikhine,player_reception_yds,20.5,-116,0.708,0.5693012600229095,0.5238095238095238,0.5370370370370371,True,0.0,0.03226422298587239,-0.013227513227513255
5,Marvin Mims,player_receptions,2.5,116,0.5796,0.5599356395816572,0.4461538461538462,0.4629629629629629,True,2.0,0.09697267661869424,-0.01680911680911673
5,Jahan Dotson,player_receptions,1.5,154,0.5972,0.5599356395816572,0.4461538461538462,0.3937007874015748,False,1.0,0.16623485218008233,0.05245305875227135
5,DeVonta Smith,player_receptions,4.5,-154,0.8718,0.6210670314637484,0.5282051282051281,0.6062992125984252,False,8.0,0.01476781886532319,-0.07809408439329713
5,RJ Harvey,player_receptions,1.5,145,0.9524,0.7712737127371274,0.5282051282051281,0.4081632653061224,False,3.0,0.363110447431005,0.1200418628990057
5,J.K. Dobbins,player_receptions,1.5,-153,0.9548,0.7712737127371274,0.5282051282051281,0.6047430830039525,True,1.0,0.1665306297331749,-0.07653795479882441
5,Troy Franklin,player_receptions,3.5,-126,0.822,0.6191051995163241,0.5282051282051281,0.5575221238938053,False,3.0,0.06158307562251886,-0.029316995688677183
5,Bo Nix,player_rush_yds,20.5,-109,0.6262,0.5599356395816572,0.5138888888888888,0.5215311004784688,True,22.0,0.03840453910318831,-0.007642211589580006
5,J.K. Dobbins,player_rush_yds,51.5,-113,0.5804,0.5599356395816572,0.4461538461538462,0.5305164319248826,False,79.0,0.029419207656774526,-0.08436258577103645
5,Jalen Hurts,player_rush_yds,39.5,-113,0.74,0.5693012600229095,0.5238095238095238,0.5305164319248826,False,3.0,0.03878482809802686,-0.0067069081153587895
5,RJ Harvey,player_rush_yds,29.5,-109,0.5734,0.5599356395816572,0.4461538461538462,0.5215311004784688,False,12.0,0.03840453910318831,-0.07537725432462267
5,Saquon Barkley,player_rush_yds,81.5,-114,0.6834,0.5599356395816572,0.5192307692307693,0.5327102803738317,True,30.0,0.027225359207825428,-0.01347951114306245
5,Dallas Goedert,player_receptions,3.5,-118,0.7014,0.5693012600229095,0.5238095238095238,0.5412844036697247,True,3.0,0.028016856353184738,-0.01747487986020091
5,Saquon Barkley,player_receptions,2.5,-107,0.9942,0.7712737127371274,0.575,0.5169082125603864,False,3.0,0.254365500176741,0.05809178743961352
5,Bo Nix,player_pass_tds,1.5,124,0.861,0.861,0.5282051282051281,0.4464285714285714,False,1.0,0.4145714285714286,0.08177655677655671
5,Courtland Sutton,player_receptions,4.5,-111,0.5712,0.5599356395816572,0.4461538461538462,0.5260663507109005,False,8.0,0.033869288870756686,-0.07991250455705429
5,Jalen Hurts,player_pass_tds,1.5,187,0.8664,0.8664,0.5282051282051281,0.3484320557491289,True,2.0,0.5179679442508711,0.17977307245599922
5,Bo Nix,player_pass_yds,213.5,-113,0.6644,0.5599356395816572,0.5138888888888888,0.5305164319248826,False,242.0,0.029419207656774526,-0.016627543035993786
5,Courtland Sutton,player_reception_yds,57.5,-114,0.657,0.5599356395816572,0.5138888888888888,0.5327102803738317,False,99.0,0.027225359207825428,-0.018821391484942884
5,Dallas Goedert,player_reception_yds,31.5,-113,0.6246,0.5599356395816572,0.5138888888888888,0.5305164319248826,True,19.0,0.029419207656774526,-0.016627543035993786
5,DeVonta Smith,player_reception_yds,46.5,-115,0.768,0.5821917808219178,0.5238095238095238,0.5348837209302325,False,114.0,0.047308059891685295,-0.011074197120708673
5,Troy Franklin,player_reception_yds,38.5,-113,0.6956,0.5693012600229095,0.5238095238095238,0.5305164319248826,False,35.0,0.03878482809802686,-0.0067069081153587895
5,Saquon Barkley,player_reception_yds,17.5,-111,0.9824,0.7712737127371274,0.5282051282051281,0.5260663507109005,False,58.0,0.24520736202622695,0.0021387774942276394
5,RJ Harvey,player_reception_yds,11.5,-110,0.9374,0.7712737127371274,0.5282051282051281,0.5238095238095238,False,18.0,0.24746418892760358,0.004395604395604269
5,Marvin Mims,player_reception_yds,27.5,-109,0.5934,0.5599356395816572,0.4461538461538462,0.5215311004784688,True,10.0,0.03840453910318831,-0.07537725432462267
5,Jahan Dotson,player_reception_yds,8.5,-110,0.7388,0.5693012600229095,0.5238095238095238,0.5238095238095238,True,24.0,0.04549173621338565,0.0
5,J.K. Dobbins,player_reception_yds,4.5,-106,0.8078,0.6141732283464567,0.5282051282051281,0.5145631067961165,False,5.0,0.09961012155034021,0.013642021409011607
5,Jake Ferguson,player_receptions,5.5,104,0.6766,0.5599356395816572,0.5192307692307693,0.4901960784313725,False,7.0,0.06973956115028468,0.0290346907993968
5,Garrett Wilson,player_receptions,5.5,-106,0.675,0.5599356395816572,0.5192307692307693,0.5145631067961165,False,6.0,0.045372532785540653,0.004667662434652775
5,Javonte Williams,player_receptions,2.5,128,0.9948,0.7712737127371274,0.575,0.4385964912280701,True,1.0,0.3326772215090573,0.13640350877192986
5,Breece Hall,player_receptions,3.5,-145,0.9996,0.7712737127371274,0.575,0.5918367346938775,False,4.0,0.17943697804324987,-0.016836734693877586
5,Josh Reynolds,player_receptions,1.5,112,0.6856,0.5599356395816572,0.5192307692307693,0.4716981132075472,True,3.0,0.08823752637410998,0.0475326560232221
5,Breece Hall,player_rush_yds,71.5,-111,0.7098,0.5693012600229095,0.5238095238095238,0.5260663507109005,False,113.0,0.04323490931200902,-0.0022568269013766296
5,Dak Prescott,player_rush_yds,5.5,-119,0.8174,0.6191051995163241,0.5282051282051281,0.54337899543379,False,28.0,0.07572620408253417,-0.015173867228661875
5,Isaiah Davis,player_rush_yds,21.5,-114,0.6008,0.5599356395816572,0.4461538461538462,0.5327102803738317,False,5.0,0.027225359207825428,-0.08655643421998555
5,Ryan Flournoy,player_reception_yds,19.5,-108,0.6082,0.5599356395816572,0.5,0.5192307692307693,False,114.0,0.04070487035088788,-0.019230769230769273
5,Breece Hall,player_reception_yds,26.5,-109,0.9922,0.7712737127371274,0.5282051282051281,0.5215311004784688,False,42.0,0.24974261225865857,0.00667402772665926
5,Mason Taylor,player_reception_yds,33.5,-110,0.7096,0.5693012600229095,0.5238095238095238,0.5238095238095238,False,67.0,0.04549173621338565,0.0
5,Justin Fields,player_rush_yds,52.5,-111,0.6042,0.5599356395816572,0.5,0.5260663507109005,False,26.0,0.033869288870756686,-0.026066350710900466
5,Dak Prescott,player_pass_tds,1.5,-139,0.8582,0.8582,0.5282051282051281,0.5815899581589958,True,4.0,0.27661004184100413,-0.05338482995386773
5,Justin Fields,player_pass_tds,1.5,137,0.8716,0.8716,0.5282051282051281,0.4219409282700422,True,2.0,0.44965907172995784,0.1062641999350859
5,Dak Prescott,player_pass_yds,244.5,-113,0.7524,0.5693012600229095,0.5238095238095238,0.5305164319248826,True,237.0,0.03878482809802686,-0.0067069081153587895
5,George Pickens,player_reception_yds,73.5,-112,0.7708,0.5821917808219178,0.5238095238095238,0.5283018867924528,True,57.0,0.05388989402946498,-0.004492362982928988
5,Jalen Tolbert,player_reception_yds,37.5,-111,0.7112,0.5693012600229095,0.5238095238095238,0.5260663507109005,True,0.0,0.04323490931200902,-0.0022568269013766296
5,Javonte Williams,player_reception_yds,16.5,-111,0.9618,0.7712737127371274,0.5282051282051281,0.5260663507109005,True,4.0,0.24520736202622695,0.0021387774942276394
5,Garrett Wilson,player_reception_yds,65.5,-111,0.6832,0.5599356395816572,0.5192307692307693,0.5260663507109005,False,71.0,0.033869288870756686,-0.006835581480131192
5,Javonte Williams,player_rush_yds,67.5,-114,0.6804,0.5599356395816572,0.5192307692307693,0.5327102803738317,False,135.0,0.027225359207825428,-0.01347951114306245
5,C.J. Stroud,player_pass_yds,215.5,-113,0.6576,0.5599356395816572,0.5138888888888888,0.5305164319248826,False,244.0,0.029419207656774526,-0.016627543035993786
5,Justice Hill,player_receptions,2.5,-129,0.9952,0.7712737127371274,0.575,0.5633187772925764,True,1.0,0.20795493544455101,0.011681222707423555
5,Mark Andrews,player_receptions,2.5,134,0.5572,0.5222222222222223,0.36363636363636365,0.4273504273504273,True,2.0,0.09487179487179498,-0.06371406371406363
5,Woody Marks,player_receptions,2.5,-118,0.9938,0.7712737127371274,0.575,0.5412844036697247,True,0.0,0.22998930906740267,0.03371559633027521
5,Xavier Hutchinson,player_receptions,1.5,-105,0.6638,0.5599356395816572,0.5138888888888888,0.5121951219512195,True,3.0,0.04774051763043763,0.0016937669376693165
5,Zay Flowers,player_receptions,4.5,-127,0.7188,0.5693012600229095,0.5238095238095238,0.5594713656387665,True,5.0,0.009829894384142945,-0.0356618418292427
5,C.J. Stroud,player_rush_yds,14.5,-117,0.702,0.5693012600229095,0.5238095238095238,0.5391705069124424,True,30.0,0.03013075311046709,-0.015360983102918557
5,Derrick Henry,player_rush_yds,83.5,-113,0.798,0.5821917808219178,0.5282051282051281,0.5305164319248826,True,33.0,0.05167534889703518,-0.0023113037197545205
5,Justice Hill,player_rush_yds,10.5,-115,0.8054,0.6141732283464567,0.5282051282051281,0.5348837209302325,False,3.0,0.0792895074162242,-0.006678592725104404
5,Nick Chubb,player_rush_yds,32.5,-113,0.5634,0.5599356395816572,0.4461538461538462,0.5305164319248826,True,61.0,0.029419207656774526,-0.08436258577103645
5,Christian Kirk,player_reception_yds,35.5,-110,0.6652,0.5599356395816572,0.5138888888888888,0.5238095238095238,False,64.0,0.036126115772133316,-0.009920634920634996
5,Dalton Schultz,player_reception_yds,27.5,-110,0.5696,0.5599356395816572,0.4461538461538462,0.5238095238095238,False,60.0,0.036126115772133316,-0.07765567765567766
5,DeAndre Hopkins,player_reception_yds,10.5,-116,0.7758,0.5821917808219178,0.5238095238095238,0.5370370370370371,True,46.0,0.04515474378488071,-0.013227513227513255
5,Derrick Henry,player_reception_yds,6.5,-109,0.8472,0.6191051995163241,0.5282051282051281,0.5215311004784688,True,0.0,0.0975740990378553,0.00667402772665926
5,Woody Marks,player_rush_yds,56.5,-115,0.6588,0.5599356395816572,0.5138888888888888,0.5348837209302325,True,24.0,0.025051918651424643,-0.02099483204134367
5,Mark Andrews,player_reception_yds,25.5,-112,0.5682,0.5599356395816572,0.4461538461538462,0.5283018867924528,True,22.0,0.03163375278920433,-0.08214804063860665
5,Nico Collins,player_reception_yds,72.5,-114,0.733,0.5693012600229095,0.5238095238095238,0.5327102803738317,True,52.0,0.03659097964907776,-0.008900756564307888
5,Woody Marks,player_reception_yds,18.5,-112,0.9574,0.7712737127371274,0.5282051282051281,0.5283018867924528,True,0.0,0.2429718259446746,-9.675858732471898e-05
5,Xavier Hutchinson,player_reception_yds,12.5,-115,0.6874,0.5599356395816572,0.5192307692307693,0.5348837209302325,True,18.0,0.025051918651424643,-0.015652951699463236
5,Zay Flowers,player_reception_yds,47.5,-114,0.6434,0.5599356395816572,0.5138888888888888,0.5327102803738317,True,72.0,0.027225359207825428,-0.018821391484942884
5,Justice Hill,player_reception_yds,15.5,-111,0.942,0.7712737127371274,0.5282051282051281,0.5260663507109005,True,9.0,0.24520736202622695,0.0021387774942276394
5,C.J. Stroud,player_pass_tds,1.5,147,0.8638,0.8638,0.5282051282051281,0.4048582995951417,True,4.0,0.4589417004048583,0.12334682860998641
5,Cooper Rush,player_pass_tds,0.5,-253,0.7518,0.7518,0.5238095238095238,0.71671388101983,False,0.0,0.03508611898017,-0.1929043572103062
5,Jayden Daniels,player_pass_yds,207.5,-112,0.625,0.5599356395816572,0.5138888888888888,0.5283018867924528,False,231.0,0.03163375278920433,-0.014412997903563984
5,Ladd McConkey,player_receptions,4.5,110,0.5834,0.5599356395816572,0.4461538461538462,0.4761904761904761,False,5.0,0.08374516339118104,-0.03003663003662993
5,Omarion Hampton,player_receptions,3.5,-161,0.9996,0.7712737127371274,0.575,0.6168582375478927,False,6.0,0.1544154751892347,-0.04185823754789275
5,Quentin Johnston,player_receptions,5.5,121,0.5914,0.5599356395816572,0.4461538461538462,0.4524886877828054,False,4.0,0.10744695179885178,-0.006334841628959198
5,Zach Ertz,player_receptions,4.5,-143,0.8658,0.6210670314637484,0.5282051282051281,0.588477366255144,True,0.0,0.0325896652086044,-0.060272238050015914
5,Chris Rodriguez,player_rush_yds,27.5,-114,0.6116,0.5599356395816572,0.5,0.5327102803738317,False,7.0,0.027225359207825428,-0.032710280373831724
5,Jayden Daniels,player_rush_yds,43.5,-113,0.69,0.5693012600229095,0.5192307692307693,0.5305164319248826,False,39.0,0.03878482809802686,-0.011285662694113352
5,Justin Herbert,player_rush_yds,15.5,-113,0.6658,0.5599356395816572,0.5192307692307693,0.5305164319248826,True,60.0,0.029419207656774526,-0.011285662694113352
5,Omarion Hampton,player_rush_yds,68.5,-112,0.6764,0.5599356395816572,0.5192307692307693,0.5283018867924528,True,44.0,0.03163375278920433,-0.00907111756168355
5,Jacory Croskey-Merritt,player_receptions,1.5,-150,0.9558,0.7712737127371274,0.5282051282051281,0.6,False,2.0,0.17127371273712744,-0.07179487179487187
5,Justin Herbert,player_pass_yds,261.5,-112,0.7994,0.5821917808219178,0.5282051282051281,0.5283018867924528,True,166.0,0.05388989402946498,-9.675858732471898e-05
5,Justin Herbert,player_pass_tds,1.5,-137,0.8628,0.8628,0.5282051282051281,0.5780590717299579,False,1.0,0.28474092827004216,-0.04985394352482975
5,Jayden Daniels,player_pass_tds,1.5,112,0.856,0.856,0.5282051282051281,0.4716981132075472,False,1.0,0.3843018867924528,0.05650701499758093
5,Chris Moore,player_reception_yds,25.5,-112,0.7242,0.5693012600229095,0.5238095238095238,0.5283018867924528,True,0.0,0.04099937323045666,-0.004492362982928988
5,Jacory Croskey-Merritt,player_reception_yds,7.5,-117,0.86,0.6210670314637484,0.5282051282051281,0.5391705069124424,False,39.0,0.08189652455130603,-0.010965378707314288
5,Jaylin Lane,player_reception_yds,18.5,-114,0.5726,0.5599356395816572,0.4461538461538462,0.5327102803738317,True,16.0,0.027225359207825428,-0.08655643421998555
5,Keenan Allen,player_reception_yds,53.5,-110,0.5848,0.5599356395816572,0.4461538461538462,0.5238095238095238,False,58.0,0.036126115772133316,-0.07765567765567766
5,Ladd McConkey,player_reception_yds,57.5,-114,0.6722,0.5599356395816572,0.5192307692307693,0.5327102803738317,True,39.0,0.027225359207825428,-0.01347951114306245
5,Omarion Hampton,player_reception_yds,20.5,-114,0.9744,0.7712737127371274,0.5282051282051281,0.5327102803738317,False,26.0,0.2385634323632957,-0.004505152168703619
5,Oronde Gadsden,player_reception_yds,17.5,-116,0.6276,0.5599356395816572,0.5138888888888888,0.5370370370370371,False,14.0,0.02289860254462006,-0.02314814814814825
5,Quentin Johnston,player_reception_yds,66.5,-114,0.57,0.5599356395816572,0.4461538461538462,0.5327102803738317,True,40.0,0.027225359207825428,-0.08655643421998555
5,Zach Ertz,player_reception_yds,39.5,-109,0.7254,0.5693012600229095,0.5238095238095238,0.5215311004784688,True,0.0,0.04777015954444064,0.0022784233310549906
5,Jake Browning,player_rush_yds,7.5,-113,0.8602,0.6210670314637484,0.5282051282051281,0.5305164319248826,False,31.0,0.0905505995388658,-0.0023113037197545205
5,Noah Fant,player_reception_yds,22.5,-112,0.563,0.5599356395816572,0.4461538461538462,0.5283018867924528,False,0.0,0.03163375278920433,-0.08214804063860665
5,Jameson Williams,player_reception_yds,51.5,-111,0.831,0.6191051995163241,0.5282051282051281,0.5260663507109005,True,9.0,0.09303884880542368,0.0021387774942276394
5,Jahmyr Gibbs,player_reception_yds,25.5,-113,0.9942,0.7712737127371274,0.575,0.5305164319248826,False,33.0,0.2407572808122448,0.04448356807511733
5,Isaac TeSlaa,player_reception_yds,9.5,-116,0.7992,0.5821917808219178,0.5282051282051281,0.5370370370370371,True,12.0,0.04515474378488071,-0.008831908831908986
5,David Montgomery,player_reception_yds,7.5,-107,0.8634,0.6210670314637484,0.5282051282051281,0.5169082125603864,True,6.0,0.10415881890336198,0.011296915644741667
5,Chase Brown,player_reception_yds,16.5,-112,0.9808,0.7712737127371274,0.5282051282051281,0.5283018867924528,False,21.0,0.2429718259446746,-9.675858732471898e-05
5,Andrei Iosivas,player_reception_yds,10.5,-118,0.6266,0.5599356395816572,0.5138888888888888,0.5412844036697247,True,82.0,0.018651235911932407,-0.027395514780835906
5,Jared Goff,player_pass_yds,238.5,-111,0.7362,0.5693012600229095,0.5238095238095238,0.5260663507109005,False,258.0,0.04323490931200902,-0.0022568269013766296
5,Jake Browning,player_pass_yds,218.5,-113,0.6708,0.5599356395816572,0.5192307692307693,0.5305164319248826,False,251.0,0.029419207656774526,-0.011285662694113352
5,Jared Goff,player_pass_tds,1.5,-148,0.86,0.86,0.5282051282051281,0.5967741935483871,True,3.0,0.26322580645161286,-0.06856906534325902
5,Jake Browning,player_pass_tds,1.5,147,0.8682,0.8682,0.5282051282051281,0.4048582995951417,True,3.0,0.4633417004048583,0.12334682860998641
5,Sam LaPorta,player_reception_yds,40.5,-115,0.7296,0.5693012600229095,0.5238095238095238,0.5348837209302325,False,92.0,0.034417539092676974,-0.011074197120708673
5,Tee Higgins,player_reception_yds,46.5,-114,0.7502,0.5693012600229095,0.5238095238095238,0.5327102803738317,True,22.0,0.03659097964907776,-0.008900756564307888
5,Jahmyr Gibbs,player_rush_yds,72.5,-114,0.7088,0.5693012600229095,0.5238095238095238,0.5327102803738317,True,54.0,0.03659097964907776,-0.008900756564307888
5,David Montgomery,player_rush_yds,57.5,-114,0.6406,0.5599356395816572,0.5138888888888888,0.5327102803738317,False,65.0,0.027225359207825428,-0.018821391484942884
5,Chase Brown,player_rush_yds,50.5,-109,0.5874,0.5599356395816572,0.4461538461538462,0.5215311004784688,True,27.0,0.03840453910318831,-0.07537725432462267
5,Sam LaPorta,player_receptions,3.5,126,0.707,0.5693012600229095,0.5238095238095238,0.4424778761061947,False,5.0,0.12682338391671477,0.08133164770332912
5,Tee Higgins,player_receptions,3.5,124,0.7164,0.5693012600229095,0.5238095238095238,0.4464285714285714,True,3.0,0.12287268859433809,0.07738095238095244
5,Amon-Ra St. Brown,player_receptions,6.5,-120,0.5696,0.5599356395816572,0.4461538461538462,0.5454545454545454,False,8.0,0.014481094127111738,-0.09930069930069924
5,Chase Brown,player_receptions,2.5,107,0.9916,0.7712737127371274,0.5282051282051281,0.4830917874396135,False,7.0,0.2881819252975139,0.0451133407655146
5,David Montgomery,player_receptions,1.5,-164,0.9584,0.7712737127371274,0.5282051282051281,0.6212121212121212,True,1.0,0.1500615915250062,-0.09300699300699311
5,Jahmyr Gibbs,player_receptions,3.5,105,0.9994,0.7712737127371274,0.575,0.4878048780487805,True,2.0,0.28346883468834694,0.08719512195121948
6,Kenneth Walker,player_reception_yds,10.5,-109,0.8958,0.6210670314637484,0.5282051282051281,0.5215311004784688,True,3.0,0.09953593098527957,0.00667402772665926
6,Parker Washington,player_reception_yds,14.5,-110,0.6794,0.5599356395816572,0.5192307692307693,0.5238095238095238,True,29.0,0.036126115772133316,-0.0045787545787545625
6,Jaxon Smith-Njigba,player_reception_yds,84.5,-110,0.6232,0.5599356395816572,0.5138888888888888,0.5238095238095238,False,162.0,0.036126115772133316,-0.009920634920634996
6,Travis Etienne,player_reception_yds,14.5,-115,0.9438,0.7712737127371274,0.5282051282051281,0.5348837209302325,False,28.0,0.2363899918068949,-0.006678592725104404
6,Travis Hunter,player_reception_yds,45.5,-115,0.8156,0.6191051995163241,0.5282051282051281,0.5348837209302325,True,15.0,0.08422147858609164,-0.006678592725104404
6,Zach Charbonnet,player_reception_yds,10.5,-113,0.9614,0.7712737127371274,0.5282051282051281,0.5305164319248826,False,13.0,0.2407572808122448,-0.0023113037197545205
6,Elijah Arroyo,player_reception_yds,13.5,-117,0.5806,0.5599356395816572,0.4461538461538462,0.5391705069124424,False,6.0,0.02076513266921476,-0.09301666075859621
6,AJ Barner,player_receptions,2.5,110,0.6396,0.5599356395816572,0.5138888888888888,0.4761904761904761,False,3.0,0.08374516339118104,0.03769841269841273
6,Bhayshul Tuten,player_reception_yds,2.5,-109,0.7492,0.5693012600229095,0.5238095238095238,0.5215311004784688,False,14.0,0.04777015954444064,0.0022784233310549906
6,AJ Barner,player_reception_yds,25.5,-110,0.64,0.5599356395816572,0.5138888888888888,0.5238095238095238,False,71.0,0.036126115772133316,-0.009920634920634996
6,Trevor Lawrence,player_pass_yds,225.5,-112,0.6872,0.5599356395816572,0.5192307692307693,0.5283018867924528,False,258.0,0.03163375278920433,-0.00907111756168355
6,Trevor Lawrence,player_pass_tds,1.5,113,0.8636,0.8636,0.5282051282051281,0.4694835680751174,True,2.0,0.39411643192488266,0.05872156013001073
6,Sam Darnold,player_pass_tds,1.5,101,0.8676,0.8676,0.5282051282051281,0.4975124378109453,True,2.0,0.37008756218905475,0.03069269039418282
6,Dyami Brown,player_reception_yds,28.5,-110,0.6266,0.5599356395816572,0.5138888888888888,0.5238095238095238,True,13.0,0.036126115772133316,-0.009920634920634996
6,Sam Darnold,player_pass_yds,244.5,-112,0.6806,0.5599356395816572,0.5192307692307693,0.5283018867924528,False,295.0,0.03163375278920433,-0.00907111756168355
6,Brian Thomas,player_receptions,4.5,-113,0.6418,0.5599356395816572,0.5138888888888888,0.5305164319248826,True,8.0,0.029419207656774526,-0.016627543035993786
6,Zach Charbonnet,player_receptions,1.5,-110,0.9512,0.7712737127371274,0.5282051282051281,0.5238095238095238,True,1.0,0.24746418892760358,0.004395604395604269
6,Bhayshul Tuten,player_rush_yds,18.5,-108,0.6584,0.5599356395816572,0.5138888888888888,0.5192307692307693,False,14.0,0.04070487035088788,-0.005341880341880434
6,Kenneth Walker,player_rush_yds,53.5,-113,0.6262,0.5599356395816572,0.5138888888888888,0.5305164319248826,True,34.0,0.029419207656774526,-0.016627543035993786
6,Travis Hunter,player_receptions,3.5,106,0.7398,0.5693012600229095,0.5238095238095238,0.4854368932038835,False,4.0,0.08386436681902598,0.038372630605640334
6,Travis Etienne,player_rush_yds,59.5,-114,0.5818,0.5599356395816572,0.4461538461538462,0.5327102803738317,True,27.0,0.027225359207825428,-0.08655643421998555
6,Trevor Lawrence,player_rush_yds,17.5,-111,0.651,0.5599356395816572,0.5138888888888888,0.5260663507109005,False,9.0,0.033869288870756686,-0.012177461822011626
6,Zach Charbonnet,player_rush_yds,37.5,-110,0.634,0.5599356395816572,0.5138888888888888,0.5238095238095238,True,24.0,0.036126115772133316,-0.009920634920634996
6,Sam Darnold,player_rush_yds,6.5,-110,0.815,0.6191051995163241,0.5282051282051281,0.5238095238095238,True,2.0,0.09529567570680031,0.004395604395604269
6,Cooper Kupp,player_receptions,4.5,-136,0.8048,0.6141732283464567,0.5282051282051281,0.576271186440678,True,2.0,0.03790204190577873,-0.04806605823554988
6,Elijah Arroyo,player_receptions,1.5,-102,0.5722,0.5599356395816572,0.4461538461538462,0.504950495049505,False,1.0,0.0549851445321522,-0.058796648895658776
6,Travis Etienne,player_receptions,2.5,-153,0.9954,0.7712737127371274,0.575,0.6047430830039525,False,4.0,0.1665306297331749,-0.029743083003952564
6,Hunter Long,player_receptions,2.5,129,0.6852,0.5599356395816572,0.5192307692307693,0.4366812227074236,True,2.0,0.12325441687423355,0.08254954652334567
6,Jaxon Smith-Njigba,player_receptions,6.5,-125,0.5884,0.5599356395816572,0.4461538461538462,0.5555555555555556,False,8.0,0.004380084026101572,-0.1094017094017094
6,Kenneth Walker,player_receptions,1.5,116,0.9474,0.7712737127371274,0.5282051282051281,0.4629629629629629,True,1.0,0.3083107497741645,0.0652421652421652
6,Parker Washington,player_receptions,1.5,-124,0.6876,0.5622959178917069,0.5192307692307693,0.5535714285714286,True,2.0,0.00872448932027825,-0.03434065934065933
6,Cooper Kupp,player_reception_yds,43.5,-114,0.7316,0.5693012600229095,0.5238095238095238,0.5327102803738317,True,40.0,0.03659097964907776,-0.008900756564307888
6,Spencer Rattler,player_pass_yds,260.5,-110,0.8014,0.6141732283464567,0.5282051282051281,0.5238095238095238,True,227.0,0.09036370453693288,0.004395604395604269
6,Alvin Kamara,player_receptions,6.5,-154,1.0,0.7712737127371274,0.575,0.6062992125984252,True,5.0,0.16497450013870218,-0.031299212598425274
6,Austin Hooper,player_reception_yds,5.5,270,0.8456,0.6191051995163241,0.5282051282051281,0.2702702702702703,False,5.0,0.34883492924605386,0.2579348579348578
6,Kendre Miller,player_receptions,0.5,210,0.2968,0.3636363636363636,0.36363636363636365,0.3225806451612903,True,1.0,0.04105571847507328,0.04105571847507333
6,Mack Hollins,player_receptions,1.5,260,0.5928,0.5599356395816572,0.4461538461538462,0.2777777777777778,True,2.0,0.28215786180387936,0.1683760683760684
6,TreVeyon Henderson,player_receptions,1.5,-140,0.9498,0.7712737127371274,0.5282051282051281,0.5833333333333334,True,1.0,0.18794037940379404,-0.055128205128205265
6,Alvin Kamara,player_rush_yds,36.5,105,0.5704,0.5599356395816572,0.4461538461538462,0.4878048780487805,False,31.0,0.07213076153287667,-0.0416510318949343
6,Juwan Johnson,player_receptions,2.5,150,0.758,0.5693012600229095,0.5238095238095238,0.4,False,2.0,0.16930126002290946,0.12380952380952381
6,Alvin Kamara,player_reception_yds,53.5,-110,0.9994,0.7712737127371274,0.575,0.5238095238095238,True,45.0,0.24746418892760358,0.05119047619047612
6,Chris Olave,player_reception_yds,116.5,-110,0.886,0.6210670314637484,0.5282051282051281,0.5238095238095238,True,98.0,0.09725750765422458,0.004395604395604269
6,Hunter Henry,player_reception_yds,22.5,-115,0.5894,0.5599356395816572,0.4461538461538462,0.5348837209302325,True,27.0,0.025051918651424643,-0.08872987477638633
6,Juwan Johnson,player_reception_yds,11.5,-115,0.916,0.75,0.5282051282051281,0.5348837209302325,True,15.0,0.2151162790697675,-0.006678592725104404
6,Kayshon Boutte,player_reception_yds,65.5,-154,0.909,0.75,0.5282051282051281,0.6062992125984252,False,93.0,0.14370078740157477,-0.07809408439329713
6,Mack Hollins,player_reception_yds,12.5,270,0.6328,0.5599356395816572,0.5138888888888888,0.2702702702702703,True,28.0,0.28966536931138687,0.24361861861861855
6,Rashid Shaheed,player_reception_yds,35.5,-120,0.6548,0.5599356395816572,0.5138888888888888,0.5454545454545454,False,28.0,0.014481094127111738,-0.031565656565656575
6,TreVeyon Henderson,player_reception_yds,9.5,-180,0.9366,0.7712737127371274,0.5282051282051281,0.6428571428571429,True,9.0,0.1284165698799845,-0.1146520146520148
6,Austin Hooper,player_receptions,1.5,260,0.5892,0.5599356395816572,0.4461538461538462,0.2777777777777778,False,1.0,0.28215786180387936,0.1683760683760684
6,Brandin Cooks,player_receptions,0.5,-115,0.8844,0.6210670314637484,0.5282051282051281,0.5348837209302325,True,1.0,0.08618331053351591,-0.006678592725104404
6,Chris Olave,player_receptions,7.5,140,0.8402,0.6191051995163241,0.5282051282051281,0.4166666666666667,True,6.0,0.20243853284965746,0.11153846153846142
6,Devaughn Vele,player_receptions,0.5,145,0.8598,0.6210670314637484,0.5282051282051281,0.4081632653061224,False,0.0,0.21290376615762602,0.1200418628990057
6,Drake Maye,player_pass_yds,257.5,-110,0.7848,0.5821917808219178,0.5282051282051281,0.5238095238095238,False,261.0,0.05838225701239397,0.004395604395604269
6,DeMario Douglas,player_reception_yds,71.5,-215,0.9816,0.7712737127371274,0.5282051282051281,0.6825396825396826,True,71.0,0.08873403019744486,-0.15433455433455445
6,Spencer Rattler,player_pass_tds,0.5,-130,0.968,0.968,0.5282051282051281,0.5652173913043478,False,0.0,0.4027826086956522,-0.03701226309921968
6,Drake Maye,player_pass_tds,3.5,215,0.457,0.457,0.36363636363636365,0.3174603174603174,False,3.0,0.13953968253968263,0.04617604617604626
6,Jake Tonges,player_reception_yds,32.5,-113,0.6244,0.5599356395816572,0.5138888888888888,0.5305164319248826,False,58.0,0.029419207656774526,-0.016627543035993786
6,Jauan Jennings,player_reception_yds,51.5,-111,0.6778,0.5599356395816572,0.5192307692307693,0.5260663507109005,True,7.0,0.033869288870756686,-0.006835581480131192
6,Kendrick Bourne,player_reception_yds,45.5,-111,0.6922,0.5693012600229095,0.5238095238095238,0.5260663507109005,False,142.0,0.04323490931200902,-0.0022568269013766296
6,Rachaad White,player_reception_yds,25.5,-111,0.9974,0.7712737127371274,0.575,0.5260663507109005,True,21.0,0.24520736202622695,0.04893364928909949
6,Sterling Shepard,player_reception_yds,31.5,-115,0.6656,0.5599356395816572,0.5138888888888888,0.5348837209302325,False,51.0,0.025051918651424643,-0.02099483204134367
6,Emeka Egbuka,player_reception_yds,72.5,-111,0.6804,0.5599356395816572,0.5192307692307693,0.5260663507109005,True,24.0,0.033869288870756686,-0.006835581480131192
6,Demarcus Robinson,player_reception_yds,19.5,-113,0.582,0.5599356395816572,0.4461538461538462,0.5305164319248826,False,44.0,0.029419207656774526,-0.08436258577103645
6,Cade Otton,player_reception_yds,30.5,-115,0.6778,0.5599356395816572,0.5192307692307693,0.5348837209302325,False,51.0,0.025051918651424643,-0.015652951699463236
6,Mac Jones,player_pass_yds,250.5,-113,0.7624,0.5821917808219178,0.5238095238095238,0.5305164319248826,False,347.0,0.05167534889703518,-0.0067069081153587895
6,Baker Mayfield,player_pass_yds,239.5,-111,0.7204,0.5693012600229095,0.5238095238095238,0.5260663507109005,False,256.0,0.04323490931200902,-0.0022568269013766296
6,Mac Jones,player_pass_tds,1.5,113,0.8646,0.8646,0.5282051282051281,0.4694835680751174,False,0.0,0.39511643192488266,0.05872156013001073
6,Baker Mayfield,player_pass_tds,1.5,-177,0.8744,0.8744,0.5282051282051281,0.6389891696750902,True,2.0,0.23541083032490973,-0.11078404146996212
6,Tez Johnson,player_reception_yds,31.5,-110,0.81,0.6191051995163241,0.5282051282051281,0.5238095238095238,False,45.0,0.09529567570680031,0.004395604395604269
6,Christian McCaffrey,player_reception_yds,51.5,-115,0.9978,0.7712737127371274,0.575,0.5348837209302325,False,57.0,0.2363899918068949,0.040116279069767447
6,Cade Otton,player_receptions,3.5,-145,0.8098,0.6191051995163241,0.5282051282051281,0.5918367346938775,False,5.0,0.027268464822446603,-0.06363160648874944
6,Rachaad White,player_rush_yds,57.5,-111,0.6864,0.5599356395816572,0.5192307692307693,0.5260663507109005,False,65.0,0.033869288870756686,-0.006835581480131192
6,Christian McCaffrey,player_rush_yds,55.5,-110,0.634,0.5599356395816572,0.5138888888888888,0.5238095238095238,True,54.0,0.036126115772133316,-0.009920634920634996
6,Baker Mayfield,player_rush_yds,17.5,-110,0.6956,0.5693012600229095,0.5238095238095238,0.5238095238095238,True,14.0,0.04549173621338565,0.0
6,Tez Johnson,player_receptions,2.5,125,0.7508,0.5693012600229095,0.5238095238095238,0.4444444444444444,True,1.0,0.12485681557846506,0.07936507936507942
6,Sterling Shepard,player_receptions,3.5,-141,0.8002,0.6066406924597392,0.5282051282051281,0.5850622406639004,True,2.0,0.021578451795838727,-0.05685711245877234
6,Rachaad White,player_receptions,3.5,112,0.9992,0.7712737127371274,0.575,0.4716981132075472,True,3.0,0.29957559952958024,0.10330188679245278
6,Brian Robinson,player_rush_yds,14.5,-118,0.7446,0.5693012600229095,0.5238095238095238,0.5412844036697247,False,0.0,0.028016856353184738,-0.01747487986020091
6,Christian McCaffrey,player_receptions,6.5,-123,1.0,0.7712737127371274,0.575,0.5515695067264574,False,7.0,0.21970420601066998,0.02343049327354252
6,Jake Tonges,player_receptions,3.5,113,0.7412,0.5693012600229095,0.5238095238095238,0.4694835680751174,False,6.0,0.09981769194779211,0.05432595573440646
6,Jauan Jennings,player_receptions,4.5,-111,0.6706,0.5599356395816572,0.5192307692307693,0.5260663507109005,True,1.0,0.033869288870756686,-0.006835581480131192
6,Casey Washington,player_reception_yds,17.5,-115,0.6036,0.5599356395816572,0.5,0.5348837209302325,False,0.0,0.025051918651424643,-0.03488372093023251
6,Bijan Robinson,player_reception_yds,28.5,-110,0.9886,0.7712737127371274,0.5282051282051281,0.5238095238095238,False,68.0,0.24746418892760358,0.004395604395604269
6,Michael Penix,player_pass_yds,225.5,-110,0.6786,0.5599356395816572,0.5192307692307693,0.5238095238095238,False,250.0,0.036126115772133316,-0.0045787545787545625
6,Dawson Knox,player_reception_yds,43.5,-115,0.8556,0.6210670314637484,0.5282051282051281,0.5348837209302325,True,19.0,0.08618331053351591,-0.006678592725104404
6,Josh Allen,player_pass_yds,270.5,-108,0.8128,0.6191051995163241,0.5282051282051281,0.5192307692307693,True,180.0,0.09987443028555487,0.008974358974358831
6,Jackson Hawes,player_receptions,1.5,170,0.585,0.5599356395816572,0.4461538461538462,0.3703703703703703,False,0.0,0.18956526921128686,0.07578347578347588
6,Michael Penix,player_pass_tds,1.5,-210,0.857,0.857,0.5282051282051281,0.6774193548387096,False,1.0,0.17958064516129035,-0.14921422663358153
6,Josh Allen,player_pass_tds,2.5,-110,0.6746,0.6746,0.5192307692307693,0.5238095238095238,False,2.0,0.15079047619047614,-0.0045787545787545625
6,James Cook,player_receptions,2.5,-175,0.9946,0.7712737127371274,0.575,0.6363636363636364,True,0.0,0.13491007637349106,-0.0613636363636364
6,Drake London,player_reception_yds,116.5,-115,0.8824,0.6210670314637484,0.5282051282051281,0.5348837209302325,False,158.0,0.08618331053351591,-0.006678592725104404
6,Drake London,player_receptions,9.5,-145,0.9788,0.7712737127371274,0.5282051282051281,0.5918367346938775,False,10.0,0.17943697804324987,-0.06363160648874944
6,Dawson Knox,player_receptions,3.5,-125,0.8576,0.6210670314637484,0.5282051282051281,0.5555555555555556,True,1.0,0.06551147590819284,-0.027350427350427475
6,Bijan Robinson,player_receptions,3.5,135,0.9992,0.7712737127371274,0.575,0.425531914893617,False,6.0,0.3457417978435104,0.14946808510638293
6,Kyle Pitts,player_reception_yds,28.5,-115,0.5978,0.5599356395816572,0.4461538461538462,0.5348837209302325,False,18.0,0.025051918651424643,-0.08872987477638633
6,Khalil Shakir,player_reception_yds,43.5,-115,0.681,0.5599356395816572,0.5192307692307693,0.5348837209302325,True,33.0,0.025051918651424643,-0.015652951699463236
6,Keon Coleman,player_reception_yds,39.5,-115,0.6526,0.5599356395816572,0.5138888888888888,0.5348837209302325,True,11.0,0.025051918651424643,-0.02099483204134367
6,Joshua Palmer,player_reception_yds,64.5,-115,0.921,0.7712737127371274,0.5282051282051281,0.5348837209302325,True,60.0,0.2363899918068949,-0.006678592725104404
6,James Cook,player_reception_yds,13.5,-120,0.9238,0.7712737127371274,0.5282051282051281,0.5454545454545454,True,0.0,0.225819167282582,-0.01724941724941731
6,Jackson Hawes,player_reception_yds,7.5,-120,0.8434,0.6191051995163241,0.5282051282051281,0.5454545454545454,False,0.0,0.07365065406177873,-0.01724941724941731
6,Elijah Moore,player_reception_yds,8.5,-115,0.7072,0.5693012600229095,0.5238095238095238,0.5348837209302325,False,0.0,0.034417539092676974,-0.011074197120708673
6,Elijah Moore,player_receptions,0.5,175,0.1774,0.3636363636363636,0.36363636363636365,0.3636363636363636,True,0.0,0.0,5.551115123125783e-17
6,Joshua Palmer,player_receptions,2.5,110,0.574,0.5599356395816572,0.4461538461538462,0.4761904761904761,True,2.0,0.08374516339118104,-0.03003663003662993
6,Tyler Allgeier,player_rush_yds,42.5,-110,0.6664,0.5599356395816572,0.5192307692307693,0.5238095238095238,True,32.0,0.036126115772133316,-0.0045787545787545625
6,Ty Johnson,player_rush_yds,5.5,-115,0.8812,0.6210670314637484,0.5282051282051281,0.5348837209302325,False,5.0,0.08618331053351591,-0.006678592725104404
6,Josh Allen,player_rush_yds,44.5,-115,0.6404,0.5599356395816572,0.5138888888888888,0.5348837209302325,False,42.0,0.025051918651424643,-0.02099483204134367
6,James Cook,player_rush_yds,57.5,-115,0.5812,0.5599356395816572,0.4461538461538462,0.5348837209302325,False,87.0,0.025051918651424643,-0.08872987477638633
6,Kyle Pitts,player_receptions,2.5,-125,0.6646,0.5599356395816572,0.5138888888888888,0.5555555555555556,True,3.0,0.004380084026101572,-0.04166666666666674
6,Khalil Shakir,player_receptions,4.5,-154,0.8126,0.6191051995163241,0.5282051282051281,0.6062992125984252,True,3.0,0.012805986917898915,-0.07809408439329713
6,Bijan Robinson,player_rush_yds,94.5,-115,0.7598,0.5693012600229095,0.5238095238095238,0.5348837209302325,False,170.0,0.034417539092676974,-0.011074197120708673
7,Breece Hall,player_rush_yds,70.5,-114,0.6206,0.5599356395816572,0.5138888888888888,0.5327102803738317,True,38.0,0.027225359207825428,-0.018821391484942884
7,Chuba Hubbard,player_rush_yds,32.5,-109,0.5614,0.5599356395816572,0.3911421911421912,0.5215311004784688,False,31.0,0.03840453910318831,-0.13038890933627767
7,Justin Fields,player_rush_yds,48.5,-109,0.639,0.5599356395816572,0.5138888888888888,0.5215311004784688,False,22.0,0.03840453910318831,-0.007642211589580006
7,Bryce Young,player_pass_tds,1.5,151,0.864,0.864,0.5282051282051281,0.398406374501992,False,1.0,0.465593625498008,0.1297987537031361
7,Justin Fields,player_pass_yds,166.5,-114,0.5744,0.5599356395816572,0.4461538461538462,0.5327102803738317,False,46.0,0.027225359207825428,-0.08655643421998555
7,Breece Hall,player_reception_yds,23.5,-115,0.9866,0.7712737127371274,0.5282051282051281,0.5348837209302325,True,14.0,0.2363899918068949,-0.006678592725104404
7,Chuba Hubbard,player_reception_yds,6.5,-116,0.8888,0.6210670314637484,0.5282051282051281,0.5370370370370371,False,24.0,0.08402999442671133,-0.008831908831908986
7,Justin Fields,player_pass_tds,1.5,196,0.872,0.872,0.5282051282051281,0.3378378378378378,False,0.0,0.5341621621621622,0.19036729036729033
7,Josh Reynolds,player_receptions,2.5,104,0.6202,0.5599356395816572,0.5138888888888888,0.4901960784313725,False,3.0,0.06973956115028468,0.023692810457516367
7,Chuba Hubbard,player_receptions,1.5,-142,0.946,0.7712737127371274,0.5282051282051281,0.5867768595041323,False,2.0,0.18449685323299514,-0.05857173129900417
7,Mason Taylor,player_receptions,4.5,-125,0.8822,0.6210670314637484,0.5282051282051281,0.5555555555555556,True,3.0,0.06551147590819284,-0.027350427350427475
7,Rico Dowdle,player_receptions,1.5,148,0.9554,0.7712737127371274,0.5282051282051281,0.4032258064516129,True,1.0,0.36804790628551454,0.12497932175351523
7,Tommy Tremble,player_receptions,1.5,102,0.6606,0.5599356395816572,0.5138888888888888,0.495049504950495,False,1.0,0.06488613463116216,0.01883938393839385
7,Breece Hall,player_receptions,3.5,-132,0.9994,0.7712737127371274,0.575,0.5689655172413793,True,2.0,0.20230819549574808,0.0060344827586206184
7,Jalen Coker,player_reception_yds,24.5,-109,0.6544,0.5599356395816572,0.5138888888888888,0.5215311004784688,True,0.0,0.03840453910318831,-0.007642211589580006
7,Mason Taylor,player_reception_yds,42.5,-113,0.7818,0.5821917808219178,0.5282051282051281,0.5305164319248826,True,31.0,0.05167534889703518,-0.0023113037197545205
7,Rico Dowdle,player_reception_yds,11.5,-111,0.9226,0.7712737127371274,0.5282051282051281,0.5260663507109005,False,17.0,0.24520736202622695,0.0021387774942276394
7,Josh Reynolds,player_reception_yds,29.5,-114,0.6926,0.5693012600229095,0.5238095238095238,0.5327102803738317,True,29.0,0.03659097964907776,-0.008900756564307888
7,Tommy Tremble,player_reception_yds,10.5,-114,0.7632,0.5821917808219178,0.5238095238095238,0.5327102803738317,False,0.0,0.04948150044808608,-0.008900756564307888
7,Allen Lazard,player_receptions,1.5,-101,0.5766,0.5599356395816572,0.4461538461538462,0.5024875621890548,True,2.0,0.05744807739260238,-0.05633371603520859
7,Arian Smith,player_receptions,1.5,111,0.5612,0.5599356395816572,0.36363636363636365,0.4739336492890995,False,1.0,0.08600199029255767,-0.11029728565273583
7,Rashid Shaheed,player_receptions,3.5,-102,0.707,0.5693012600229095,0.5238095238095238,0.504950495049505,True,4.0,0.06435076497340453,0.01885902876001888
7,Olamide Zaccheaus,player_receptions,2.5,-147,0.8178,0.6191051995163241,0.5282051282051281,0.5951417004048583,False,2.0,0.02396349911146589,-0.06693657219973015
7,DJ Moore,player_receptions,3.5,-134,0.7896,0.5821917808219178,0.5282051282051281,0.5726495726495726,True,3.0,0.00954220817234519,-0.04444444444444451
7,Kyle Monangai,player_rush_yds,21.5,-110,0.6198,0.5599356395816572,0.5138888888888888,0.5238095238095238,True,81.0,0.036126115772133316,-0.009920634920634996
7,Caleb Williams,player_rush_yds,22.5,-116,0.5722,0.5599356395816572,0.4461538461538462,0.5370370370370371,False,-2.0,0.02289860254462006,-0.09088319088319091
7,Kendre Miller,player_rush_yds,36.5,-116,0.5816,0.5599356395816572,0.4461538461538462,0.5370370370370371,True,7.0,0.02289860254462006,-0.09088319088319091
7,D'Andre Swift,player_receptions,2.5,-106,0.9934,0.7712737127371274,0.575,0.5145631067961165,True,1.0,0.2567106059410109,0.06043689320388346
7,Colston Loveland,player_reception_yds,18.5,-113,0.559,0.5599356395816572,0.36363636363636365,0.5305164319248826,False,24.0,0.029419207656774526,-0.16688006828851898
7,Cole Kmet,player_reception_yds,13.5,-115,0.68,0.5599356395816572,0.5192307692307693,0.5348837209302325,True,16.0,0.025051918651424643,-0.015652951699463236
7,Caleb Williams,player_pass_tds,1.5,-113,0.8592,0.8592,0.5282051282051281,0.5305164319248826,False,0.0,0.32868356807511734,-0.0023113037197545205
7,Spencer Rattler,player_pass_tds,1.5,166,0.8668,0.8668,0.5282051282051281,0.3759398496240601,True,2.0,0.49086015037593994,0.15226527858106803
7,Spencer Rattler,player_pass_yds,201.5,-112,0.604,0.5599356395816572,0.5,0.5283018867924528,False,233.0,0.03163375278920433,-0.028301886792452824
7,Alvin Kamara,player_reception_yds,20.5,-108,0.9832,0.7712737127371274,0.5282051282051281,0.5192307692307693,True,1.0,0.25204294350635814,0.008974358974358831
7,Brandin Cooks,player_reception_yds,11.5,-115,0.7138,0.5693012600229095,0.5238095238095238,0.5348837209302325,False,3.0,0.034417539092676974,-0.011074197120708673
7,Chris Olave,player_reception_yds,59.5,-114,0.5678,0.5599356395816572,0.4461538461538462,0.5327102803738317,False,98.0,0.027225359207825428,-0.08655643421998555
7,Caleb Williams,player_pass_yds,220.5,-111,0.6618,0.5599356395816572,0.5138888888888888,0.5260663507109005,True,172.0,0.033869288870756686,-0.012177461822011626
7,D'Andre Swift,player_reception_yds,16.5,-117,0.9624,0.7712737127371274,0.5282051282051281,0.5391705069124424,True,14.0,0.23210320582468502,-0.010965378707314288
7,DJ Moore,player_reception_yds,34.5,-109,0.6788,0.5599356395816572,0.5192307692307693,0.5215311004784688,False,43.0,0.03840453910318831,-0.002300331247699572
7,Rashid Shaheed,player_reception_yds,41.5,-110,0.6108,0.5599356395816572,0.5,0.5238095238095238,False,40.0,0.036126115772133316,-0.023809523809523836
7,Rome Odunze,player_reception_yds,59.5,-114,0.6488,0.5599356395816572,0.5138888888888888,0.5327102803738317,True,31.0,0.027225359207825428,-0.018821391484942884
7,Olamide Zaccheaus,player_reception_yds,25.5,-115,0.7278,0.5693012600229095,0.5238095238095238,0.5348837209302325,False,9.0,0.034417539092676974,-0.011074197120708673
7,Brandin Cooks,player_receptions,1.5,119,0.6642,0.5599356395816572,0.5138888888888888,0.45662100456621,False,1.0,0.10331463501544713,0.05726788432267882
7,Cole Kmet,player_receptions,1.5,-108,0.6752,0.5599356395816572,0.5192307692307693,0.5192307692307693,False,1.0,0.04070487035088788,0.0
7,Juwan Johnson,player_reception_yds,26.5,-108,0.6004,0.5599356395816572,0.4461538461538462,0.5192307692307693,True,79.0,0.04070487035088788,-0.0730769230769231
7,Alvin Kamara,player_receptions,3.5,-132,0.9998,0.7712737127371274,0.575,0.5689655172413793,True,3.0,0.20230819549574808,0.0060344827586206184
7,Jacoby Brissett,player_rush_yds,12.5,-118,0.9388,0.7712737127371274,0.5282051282051281,0.5412844036697247,False,26.0,0.22998930906740267,-0.01307927546459664
7,Jordan Love,player_rush_yds,10.5,-111,0.67,0.5599356395816572,0.5192307692307693,0.5260663507109005,True,22.0,0.033869288870756686,-0.006835581480131192
7,Josh Jacobs,player_rush_yds,68.5,-113,0.6326,0.5599356395816572,0.5138888888888888,0.5305164319248826,True,55.0,0.029419207656774526,-0.016627543035993786
7,Michael Carter,player_rush_yds,27.5,-110,0.5958,0.5599356395816572,0.4461538461538462,0.5238095238095238,False,11.0,0.036126115772133316,-0.07765567765567766
7,Zonovan Knight,player_rush_yds,34.5,-115,0.6082,0.5599356395816572,0.5,0.5348837209302325,False,57.0,0.025051918651424643,-0.03488372093023251
7,Tucker Kraft,player_receptions,3.5,104,0.7544,0.5693012600229095,0.5238095238095238,0.4901960784313725,False,5.0,0.07910518159153701,0.03361344537815136
7,Jacoby Brissett,player_pass_yds,213.5,-111,0.6472,0.5599356395816572,0.5138888888888888,0.5260663507109005,False,279.0,0.033869288870756686,-0.012177461822011626
7,Romeo Doubs,player_receptions,4.5,-156,0.8094,0.6141732283464567,0.5282051282051281,0.609375,False,6.0,0.004798228346456712,-0.0811698717948719
7,Jordan Love,player_pass_yds,239.5,-112,0.7328,0.5693012600229095,0.5238095238095238,0.5283018867924528,True,179.0,0.04099937323045666,-0.004492362982928988
7,Josh Jacobs,player_reception_yds,15.5,-112,0.952,0.7712737127371274,0.5282051282051281,0.5283018867924528,True,3.0,0.2429718259446746,-9.675858732471898e-05
7,Marvin Harrison,player_reception_yds,52.5,-110,0.75,0.5693012600229095,0.5238095238095238,0.5238095238095238,False,58.0,0.04549173621338565,0.0
7,Matthew Golden,player_reception_yds,46.5,-113,0.8528,0.6210670314637484,0.5282051282051281,0.5305164319248826,True,37.0,0.0905505995388658,-0.0023113037197545205
7,Michael Carter,player_reception_yds,17.5,-111,0.9724,0.7712737127371274,0.5282051282051281,0.5260663507109005,False,25.0,0.24520736202622695,0.0021387774942276394
7,Michael Wilson,player_reception_yds,22.5,-116,0.5958,0.5599356395816572,0.4461538461538462,0.5370370370370371,False,40.0,0.02289860254462006,-0.09088319088319091
7,Trey McBride,player_receptions,6.5,-102,0.7862,0.5821917808219178,0.5282051282051281,0.504950495049505,False,10.0,0.07724128577241285,0.02325463315562315
7,Trey McBride,player_reception_yds,61.5,-110,0.6172,0.5599356395816572,0.5089869281045751,0.5238095238095238,False,74.0,0.036126115772133316,-0.014822595704948704
7,Tucker Kraft,player_reception_yds,47.5,-115,0.7992,0.5821917808219178,0.5282051282051281,0.5348837209302325,False,58.0,0.047308059891685295,-0.006678592725104404
7,Marvin Harrison,player_receptions,3.5,125,0.6476,0.5599356395816572,0.5138888888888888,0.4444444444444444,True,2.0,0.11549119513721273,0.06944444444444442
7,Matthew Golden,player_receptions,3.5,-144,0.8322,0.6191051995163241,0.5282051282051281,0.5901639344262295,False,4.0,0.028941265090094648,-0.06195880622110139
7,Michael Carter,player_receptions,2.5,102,0.9956,0.7712737127371274,0.575,0.495049504950495,True,2.0,0.2762242077866324,0.07995049504950497
7,Romeo Doubs,player_reception_yds,48.5,-110,0.663,0.5599356395816572,0.5138888888888888,0.5238095238095238,False,72.0,0.036126115772133316,-0.009920634920634996
7,Jordan Love,player_pass_tds,1.5,-155,0.8566,0.8566,0.5282051282051281,0.6078431372549019,False,1.0,0.24875686274509812,-0.0796380090497738
7,Jacoby Brissett,player_pass_tds,1.5,155,0.8644,0.8644,0.5282051282051281,0.392156862745098,True,2.0,0.47224313725490197,0.13604826546003013
7,Jayden Daniels,player_rush_yds,48.5,-114,0.6006,0.5599356395816572,0.4461538461538462,0.5327102803738317,False,35.0,0.027225359207825428,-0.08655643421998555
7,Chris Moore,player_receptions,3.5,-139,0.8874,0.6210670314637484,0.5282051282051281,0.5815899581589958,True,2.0,0.039477073304752586,-0.05338482995386773
7,Jacory Croskey-Merritt,player_receptions,2.5,-181,0.9958,0.7712737127371274,0.575,0.6441281138790036,True,1.0,0.12714559885812382,-0.06912811387900364
7,Javonte Williams,player_receptions,2.5,111,0.9952,0.7712737127371274,0.575,0.4739336492890995,True,1.0,0.29734006344802794,0.10106635071090048
7,CeeDee Lamb,player_receptions,6.5,-134,0.8078,0.6141732283464567,0.5282051282051281,0.5726495726495726,True,5.0,0.0415236556968841,-0.04444444444444451
7,Luke McCaffrey,player_receptions,3.5,-134,0.875,0.6210670314637484,0.5282051282051281,0.5726495726495726,True,0.0,0.04841745881417581,-0.04444444444444451
7,Zach Ertz,player_receptions,4.5,113,0.9034,0.6210670314637484,0.5282051282051281,0.4694835680751174,True,3.0,0.15158346338863105,0.05872156013001073
7,Dak Prescott,player_rush_yds,6.5,-114,0.571,0.5599356395816572,0.4461538461538462,0.5327102803738317,True,7.0,0.027225359207825428,-0.08655643421998555
7,Jacory Croskey-Merritt,player_rush_yds,67.5,-115,0.678,0.5599356395816572,0.5192307692307693,0.5348837209302325,True,33.0,0.025051918651424643,-0.015652951699463236
7,Javonte Williams,player_rush_yds,65.5,-114,0.671,0.5599356395816572,0.5192307692307693,0.5327102803738317,False,116.0,0.027225359207825428,-0.01347951114306245
7,Zach Ertz,player_reception_yds,41.5,-110,0.7276,0.5693012600229095,0.5238095238095238,0.5238095238095238,True,37.0,0.04549173621338565,0.0
7,Dak Prescott,player_pass_tds,1.5,-208,0.859,0.859,0.5282051282051281,0.6753246753246753,True,3.0,0.18367532467532466,-0.14711954711954722
7,Jayden Daniels,player_pass_tds,1.5,-139,0.8684,0.8684,0.5282051282051281,0.5815899581589958,False,1.0,0.2868100418410041,-0.05338482995386773
7,Dak Prescott,player_pass_yds,270.5,-112,0.8074,0.6141732283464567,0.5282051282051281,0.5283018867924528,True,264.0,0.08587134155400389,-9.675858732471898e-05
7,Jayden Daniels,player_pass_yds,228.5,-113,0.703,0.5693012600229095,0.5238095238095238,0.5305164319248826,True,156.0,0.03878482809802686,-0.0067069081153587895
7,Chris Moore,player_reception_yds,38.5,-109,0.8058,0.6141732283464567,0.5282051282051281,0.5215311004784688,False,59.0,0.09264212786798787,0.00667402772665926
7,George Pickens,player_reception_yds,65.5,-114,0.6954,0.5693012600229095,0.5238095238095238,0.5327102803738317,False,82.0,0.03659097964907776,-0.008900756564307888
7,Jacory Croskey-Merritt,player_reception_yds,12.5,-114,0.9358,0.7712737127371274,0.5282051282051281,0.5327102803738317,True,-1.0,0.2385634323632957,-0.004505152168703619
7,Jalen Tolbert,player_reception_yds,7.5,-114,0.8214,0.6191051995163241,0.5282051282051281,0.5327102803738317,True,16.0,0.08639491914249242,-0.004505152168703619
7,Javonte Williams,player_reception_yds,14.5,-107,0.9558,0.7712737127371274,0.5282051282051281,0.5169082125603864,True,2.0,0.254365500176741,0.011296915644741667
7,Jaylin Lane,player_reception_yds,37.5,-110,0.79,0.5821917808219178,0.5282051282051281,0.5238095238095238,False,60.0,0.05838225701239397,0.004395604395604269
7,Luke McCaffrey,player_reception_yds,41.5,-111,0.7364,0.5693012600229095,0.5238095238095238,0.5260663507109005,True,0.0,0.04323490931200902,-0.0022568269013766296
7,CeeDee Lamb,player_reception_yds,77.5,-114,0.7532,0.5693012600229095,0.5238095238095238,0.5327102803738317,False,110.0,0.03659097964907776,-0.008900756564307888
7,Sean Tucker,player_rush_yds,14.5,-113,0.7566,0.5693012600229095,0.5238095238095238,0.5305164319248826,False,4.0,0.03878482809802686,-0.0067069081153587895
7,Mike Evans,player_reception_yds,61.5,-111,0.6946,0.5693012600229095,0.5238095238095238,0.5260663507109005,True,0.0,0.04323490931200902,-0.0022568269013766296
7,Isaac TeSlaa,player_reception_yds,10.5,-111,0.7682,0.5821917808219178,0.5238095238095238,0.5260663507109005,False,0.0,0.05612543011101734,-0.0022568269013766296
7,Jared Goff,player_rush_yds,0.5,-105,0.8916,0.6210670314637484,0.5282051282051281,0.5121951219512195,True,7.0,0.1088719095125289,0.016010006253908582
7,Jahmyr Gibbs,player_reception_yds,69.5,-120,1.0,0.7712737127371274,0.575,0.5454545454545454,False,82.0,0.225819167282582,0.02954545454545454
7,Jameson Williams,player_reception_yds,28.5,-110,0.5602,0.5599356395816572,0.36363636363636365,0.5238095238095238,True,0.0,0.036126115772133316,-0.1601731601731602
7,Kalif Raymond,player_reception_yds,11.5,-115,0.617,0.5599356395816572,0.508169934640523,0.5348837209302325,True,17.0,0.025051918651424643,-0.02671378628970955
7,Rachaad White,player_reception_yds,19.5,-115,0.9944,0.7712737127371274,0.575,0.5348837209302325,True,6.0,0.2363899918068949,0.040116279069767447
7,Sterling Shepard,player_reception_yds,27.5,-115,0.5744,0.5599356395816572,0.4461538461538462,0.5348837209302325,True,25.0,0.025051918651424643,-0.08872987477638633
7,Sam LaPorta,player_reception_yds,27.5,-115,0.5722,0.5599356395816572,0.4461538461538462,0.5348837209302325,False,15.0,0.025051918651424643,-0.08872987477638633
7,Emeka Egbuka,player_reception_yds,31.5,-115,0.7792,0.5821917808219178,0.5282051282051281,0.5348837209302325,True,58.0,0.047308059891685295,-0.006678592725104404
7,Jared Goff,player_pass_tds,2.5,165,0.6808,0.6808,0.5192307692307693,0.3773584905660377,False,1.0,0.30344150943396225,0.14187227866473157
7,Cade Otton,player_reception_yds,39.5,-115,0.8028,0.6141732283464567,0.5282051282051281,0.5348837209302325,False,65.0,0.0792895074162242,-0.006678592725104404
7,Brock Wright,player_reception_yds,9.5,100,0.7194,0.5693012600229095,0.5238095238095238,0.5,True,23.0,0.06930126002290948,0.023809523809523836
7,Amon-Ra St. Brown,player_reception_yds,126.5,-110,0.8036,0.6141732283464567,0.5282051282051281,0.5238095238095238,True,86.0,0.09036370453693288,0.004395604395604269
7,Jared Goff,player_pass_yds,331.5,-108,0.9196,0.75,0.5282051282051281,0.5192307692307693,True,241.0,0.23076923076923073,0.008974358974358831
7,Baker Mayfield,player_pass_yds,220.5,-110,0.6652,0.5599356395816572,0.5138888888888888,0.5238095238095238,False,228.0,0.036126115772133316,-0.009920634920634996
7,Tez Johnson,player_reception_yds,9.5,-115,0.7368,0.5693012600229095,0.5238095238095238,0.5348837209302325,True,58.0,0.034417539092676974,-0.011074197120708673
7,David Montgomery,player_reception_yds,17.5,-110,0.9586,0.7712737127371274,0.5282051282051281,0.5238095238095238,False,18.0,0.24746418892760358,0.004395604395604269
7,Amon-Ra St. Brown,player_receptions,8.5,-115,0.8212,0.6191051995163241,0.5282051282051281,0.5348837209302325,True,6.0,0.08422147858609164,-0.006678592725104404
7,David Montgomery,player_rush_yds,27.5,-115,0.6276,0.5599356395816572,0.5138888888888888,0.5348837209302325,False,21.0,0.025051918651424643,-0.02099483204134367
7,Baker Mayfield,player_rush_yds,13.5,-110,0.6288,0.5599356395816572,0.5138888888888888,0.5238095238095238,True,0.0,0.036126115772133316,-0.009920634920634996
7,Tez Johnson,player_receptions,1.5,200,0.5642,0.5599356395816572,0.4461538461538462,0.3333333333333333,True,4.0,0.22660230624832384,0.11282051282051286
7,Sterling Shepard,player_receptions,3.5,-154,0.8164,0.6191051995163241,0.5282051282051281,0.6062992125984252,False,7.0,0.012805986917898915,-0.07809408439329713
7,Sean Tucker,player_receptions,0.5,100,0.7042,0.5693012600229095,0.5238095238095238,0.5,False,1.0,0.06930126002290948,0.023809523809523836
7,Sam LaPorta,player_receptions,2.5,-120,0.5954,0.5599356395816572,0.4461538461538462,0.5454545454545454,True,3.0,0.014481094127111738,-0.09930069930069924
7,Rachaad White,player_receptions,4.5,114,1.0,0.7712737127371274,0.575,0.4672897196261682,True,4.0,0.3039839931109592,0.10771028037383173
7,Jahmyr Gibbs,player_receptions,4.5,-180,1.0,0.7712737127371274,0.575,0.6428571428571429,True,3.0,0.1284165698799845,-0.06785714285714295
7,Isaac TeSlaa,player_receptions,0.5,-110,0.8446,0.6191051995163241,0.5282051282051281,0.5238095238095238,False,0.0,0.09529567570680031,0.004395604395604269
7,Emeka Egbuka,player_receptions,3.5,-110,0.7892,0.5821917808219178,0.5282051282051281,0.5238095238095238,True,4.0,0.05838225701239397,0.004395604395604269
7,David Montgomery,player_receptions,1.5,130,0.9534,0.7712737127371274,0.5282051282051281,0.4347826086956521,False,2.0,0.3364911040414753,0.093422519509476
7,Cade Otton,player_receptions,4.5,110,0.923,0.7712737127371274,0.5282051282051281,0.4761904761904761,False,7.0,0.2950832365466513,0.052014652014651996
7,Baker Mayfield,player_pass_tds,1.5,-110,0.869,0.869,0.5282051282051281,0.5238095238095238,False,1.0,0.34519047619047616,0.004395604395604269
8,Allen Lazard,player_receptions,2.5,-122,0.7116,0.5693012600229095,0.5238095238095238,0.5495495495495496,True,1.0,0.019751710473359885,-0.025740025740025763
8,Breece Hall,player_receptions,2.5,114,0.9954,0.7712737127371274,0.575,0.4672897196261682,True,2.0,0.3039839931109592,0.10771028037383173
8,Chase Brown,player_receptions,2.5,-106,0.9936,0.7712737127371274,0.575,0.5145631067961165,False,3.0,0.2567106059410109,0.06043689320388346
8,Ja'Marr Chase,player_receptions,7.5,-103,0.6366,0.5599356395816572,0.5138888888888888,0.5073891625615764,False,12.0,0.05254647702008075,0.006499726327312438
8,Mason Taylor,player_receptions,4.5,-131,0.8842,0.6210670314637484,0.5282051282051281,0.5670995670995671,False,5.0,0.05396746436418132,-0.038894438894439
8,Noah Fant,player_receptions,2.5,132,0.6036,0.5599356395816572,0.5,0.4310344827586206,False,3.0,0.12890115682303654,0.06896551724137939
8,Tee Higgins,player_receptions,4.5,-131,0.7914,0.5821917808219178,0.5282051282051281,0.5670995670995671,True,1.0,0.0150922137223507,-0.038894438894439
8,Tyler Johnson,player_receptions,1.5,-124,0.5652,0.5599356395816572,0.4461538461538462,0.5535714285714286,True,3.0,0.006364211010228549,-0.10741758241758242
8,Breece Hall,player_rush_yds,68.5,-115,0.6048,0.5599356395816572,0.5,0.5348837209302325,False,133.0,0.025051918651424643,-0.03488372093023251
8,Chase Brown,player_rush_yds,52.5,-113,0.5662,0.5599356395816572,0.4461538461538462,0.5305164319248826,False,73.0,0.029419207656774526,-0.08436258577103645
8,Tee Higgins,player_reception_yds,55.5,-111,0.7858,0.5821917808219178,0.5282051282051281,0.5260663507109005,True,44.0,0.05612543011101734,0.0021387774942276394
8,Joe Flacco,player_pass_tds,1.5,-179,0.8654,0.8654,0.5282051282051281,0.6415770609318996,True,2.0,0.22382293906810036,-0.11337193272677148
8,Justin Fields,player_pass_tds,0.5,-212,0.9644,0.9644,0.5282051282051281,0.6794871794871795,True,1.0,0.2849128205128205,-0.1512820512820514
8,Joe Flacco,player_pass_yds,238.5,-112,0.7298,0.5693012600229095,0.5238095238095238,0.5283018867924528,True,223.0,0.04099937323045666,-0.004492362982928988
8,Justin Fields,player_pass_yds,167.5,-111,0.5624,0.5599356395816572,0.4461538461538462,0.5260663507109005,True,244.0,0.033869288870756686,-0.07991250455705429
8,Allen Lazard,player_reception_yds,26.5,-110,0.73,0.5693012600229095,0.5238095238095238,0.5238095238095238,True,5.0,0.04549173621338565,0.0
8,Arian Smith,player_reception_yds,22.5,-110,0.7138,0.5693012600229095,0.5238095238095238,0.5238095238095238,False,23.0,0.04549173621338565,0.0
8,Breece Hall,player_reception_yds,20.5,-115,0.9818,0.7712737127371274,0.5282051282051281,0.5348837209302325,True,14.0,0.2363899918068949,-0.006678592725104404
8,Chase Brown,player_reception_yds,15.5,-113,0.98,0.7712737127371274,0.5282051282051281,0.5305164319248826,False,32.0,0.2407572808122448,-0.0023113037197545205
8,Ja'Marr Chase,player_reception_yds,87.5,-114,0.592,0.5599356395816572,0.4461538461538462,0.5327102803738317,False,91.0,0.027225359207825428,-0.08655643421998555
8,Mason Taylor,player_reception_yds,40.5,-113,0.7636,0.5821917808219178,0.5238095238095238,0.5305164319248826,True,34.0,0.05167534889703518,-0.0067069081153587895
8,Noah Fant,player_reception_yds,23.5,-109,0.56,0.5599356395816572,0.36363636363636365,0.5215311004784688,False,41.0,0.03840453910318831,-0.1578947368421052
8,Samaje Perine,player_rush_yds,22.5,-110,0.634,0.5599356395816572,0.5138888888888888,0.5238095238095238,True,94.0,0.036126115772133316,-0.009920634920634996
8,Justin Fields,player_rush_yds,43.5,-112,0.6602,0.5599356395816572,0.5138888888888888,0.5283018867924528,False,31.0,0.03163375278920433,-0.014412997903563984
8,C.J. Stroud,player_pass_tds,1.5,114,0.8612,0.8612,0.5282051282051281,0.4672897196261682,True,2.0,0.39391028037383174,0.060915408578959884
8,Mac Jones,player_pass_tds,1.5,169,0.8618,0.8618,0.5282051282051281,0.3717472118959107,True,2.0,0.4900527881040893,0.1564579163092174
8,C.J. Stroud,player_pass_yds,212.5,-113,0.637,0.5599356395816572,0.5138888888888888,0.5305164319248826,False,318.0,0.029419207656774526,-0.016627543035993786
8,Mac Jones,player_pass_yds,217.5,-113,0.6552,0.5599356395816572,0.5138888888888888,0.5305164319248826,True,193.0,0.029419207656774526,-0.016627543035993786
8,Woody Marks,player_reception_yds,18.5,-112,0.9546,0.7712737127371274,0.5282051282051281,0.5283018867924528,False,49.0,0.2429718259446746,-9.675858732471898e-05
8,Christian McCaffrey,player_receptions,5.5,-119,1.0,0.7712737127371274,0.575,0.54337899543379,True,3.0,0.22789471730333744,0.031621004566209976
8,Xavier Hutchinson,player_reception_yds,28.5,-109,0.6014,0.5599356395816572,0.5,0.5215311004784688,False,69.0,0.03840453910318831,-0.021531100478468845
8,Jayden Higgins,player_reception_yds,34.5,-111,0.7656,0.5821917808219178,0.5238095238095238,0.5260663507109005,True,34.0,0.05612543011101734,-0.0022568269013766296
8,Jaylin Noel,player_reception_yds,38.5,-112,0.9172,0.75,0.5282051282051281,0.5283018867924528,False,63.0,0.22169811320754718,-9.675858732471898e-05
8,Dalton Schultz,player_receptions,5.5,-122,0.954,0.7712737127371274,0.5282051282051281,0.5495495495495496,True,2.0,0.22172416318757782,-0.021344421344421494
8,Jauan Jennings,player_reception_yds,39.5,-111,0.633,0.5599356395816572,0.5138888888888888,0.5260663507109005,False,45.0,0.033869288870756686,-0.012177461822011626
8,George Kittle,player_reception_yds,55.5,-113,0.8992,0.6210670314637484,0.5282051282051281,0.5305164319248826,True,43.0,0.0905505995388658,-0.0023113037197545205
8,Dalton Schultz,player_reception_yds,51.5,-112,0.8612,0.6210670314637484,0.5282051282051281,0.5283018867924528,True,24.0,0.0927651446712956,-9.675858732471898e-05
8,Jauan Jennings,player_receptions,3.5,109,0.6346,0.5599356395816572,0.5138888888888888,0.4784688995215311,False,4.0,0.08146674006012605,0.03541998936735774
8,Nick Chubb,player_rush_yds,34.5,-115,0.5858,0.5599356395816572,0.4461538461538462,0.5348837209302325,True,56.0,0.025051918651424643,-0.08872987477638633
8,Mac Jones,player_rush_yds,5.5,-122,0.6336,0.5599356395816572,0.5138888888888888,0.5495495495495496,True,23.0,0.010386090032107553,-0.03566066066066076
8,Christian McCaffrey,player_rush_yds,66.5,-114,0.7026,0.5693012600229095,0.5238095238095238,0.5327102803738317,True,25.0,0.03659097964907776,-0.008900756564307888
8,C.J. Stroud,player_rush_yds,17.5,-113,0.7268,0.5693012600229095,0.5238095238095238,0.5305164319248826,False,30.0,0.03878482809802686,-0.0067069081153587895
8,Xavier Hutchinson,player_receptions,2.5,102,0.6052,0.5599356395816572,0.5,0.495049504950495,False,5.0,0.06488613463116216,0.00495049504950501
8,Woody Marks,player_receptions,2.5,-105,0.9948,0.7712737127371274,0.575,0.5121951219512195,False,4.0,0.2590785907859079,0.06280487804878043
8,Jaylin Noel,player_receptions,3.5,-151,0.9034,0.6210670314637484,0.5282051282051281,0.601593625498008,False,5.0,0.01947340596574043,-0.07338849729287988
8,George Kittle,player_receptions,4.5,-106,0.9538,0.7712737127371274,0.5282051282051281,0.5145631067961165,True,4.0,0.2567106059410109,0.013642021409011607
8,Christian McCaffrey,player_reception_yds,44.5,-110,0.9964,0.7712737127371274,0.575,0.5238095238095238,True,43.0,0.24746418892760358,0.05119047619047612
