pred_mean,pred_std,prob_over_raw,injury_status,defense_mult,home_away_mult,game_script_mult,target_share_mult,catch_rate_mult,cpoe_mult,yac_mult,role_change,role_change_reason,original_mean,note,player,stat_type,line,over_odds,under_odds,team,opponent,is_home,prob_over_cal,edge_over,edge_under,recommendation,best_edge
12.503058645567073,11.554220008291344,0.059663143298777976,,1.0156257097120962,1.1400000000000001,0.9967391304347826,0.9,1.05,1.0,1.05,False,,,,Greg Dortch,receiving_yards,30.5,-108.0,-116.0,ARI,SF,True,0.17486293816971624,-0.34436783106105306,0.2881000247932467,UNDER,0.2881000247932467
123.38637404652407,68.35710968468784,0.27376897207677087,,0.9004365976763424,1.0254307059002896,0.9706521739130434,1.0,1.0,0.9933416178913885,1.0,False,,,,Bryce Young,passing_yards,164.5,-114.0,-110.0,CAR,ATL,False,0.19047619047619047,-0.34223408989764126,0.2857142857142857,UNDER,0.2857142857142857
171.26872424265142,47.855685834252405,0.23721117506555878,,0.9072195527489,1.0,0.9445652173913043,1.0,1.0,1.05,1.0,False,,,,Lamar Jackson,passing_yards,205.5,-112.0,-112.0,BAL,CLE,False,0.19047619047619047,-0.33782569631626236,0.2812219227313567,UNDER,0.2812219227313567
191.26588093490255,46.789421881446664,0.3483769747230169,,0.9153348739964241,1.0426488456865128,1.0,1.0,1.0,0.95,1.0,False,,,,Trevor Lawrence,passing_yards,209.5,-113.0,-111.0,JAX,LAC,True,0.19401495129680046,-0.33650148062808216,0.27991869799229907,UNDER,0.27991869799229907
218.01476859665843,55.59676249567055,0.25008125648442125,,0.9958824654830447,0.921285140562249,0.9445652173913043,1.0,1.0,1.0329289773254664,1.0,False,,,,Dak Prescott,passing_yards,255.5,-111.0,-113.0,DAL,LV,False,0.19047619047619047,-0.33559016023471,0.2790073775989269,UNDER,0.2790073775989269
1.331062067418119,0.7867957924694432,0.41499423135030966,,0.9942927061605925,0.988,1.0,0.9,0.9818181818181817,1.0,1.0,False,,,,Nick Westbrook-Ikhine,receptions,1.5,-167.0,131.0,MIA,WAS,True,0.3291139240506329,-0.2963542407433746,0.23798564304893421,UNDER,0.23798564304893421
3.0460696696205236,1.2360330811826103,0.35671712361233077,,1.04395848046381,0.9596153846153845,0.9967391304347826,0.9,1.05,1.0,1.0,False,,,,Michael Wilson,receptions,3.5,-161.0,126.0,ARI,SF,True,0.3291139240506329,-0.2877443134972598,0.2284081998431724,UNDER,0.2284081998431724
0.8585564093606045,0.45,0.07701644153128906,,0.9540870793437022,1.0533333333333335,0.9967391304347826,0.9,0.95,1.0,1.0,False,,,,Kyle Williams,receptions,1.5,-123.0,-104.0,NE,NYJ,True,0.2631578947368421,-0.28841161198961535,0.22703818369453055,UNDER,0.22703818369453055
2.6480839222176784,0.5773502691896257,0.9766239827280393,,1.0203081117479922,1.0,1.0358695652173913,0.9,0.975,1.0,1.0,False,,,,Tyler Johnson,receptions,1.5,107.0,-137.0,NYJ,NE,False,0.6906495930912158,0.20755780565160226,-0.2687086648211736,OVER,0.20755780565160226
0.0,0.0,0.0,Out,,,,,,,,,,,INJURED (Out) - DO NOT BET,Darius Slayton,receiving_yards,40.5,-113.0,-111.0,NYG,GB,True,0.3,-0.23051643192488264,0.1739336492890995,UNDER,0.1739336492890995
2.2831173683153954,1.246423454758225,0.4309311703989066,,1.0413306617176081,0.9384615384615385,1.0358695652173913,0.9,1.05,1.0,1.0,False,,,,Jaylen Warren,receptions,2.5,-128.0,100.0,PIT,CIN,True,0.3291139240506329,-0.2322895847212969,0.1708860759493671,UNDER,0.1708860759493671
2.8916774045164906,1.247219128924647,0.3128658893645586,,0.9942927061605925,0.9,1.0,0.9898806933879672,1.05,1.0,1.0,False,,,,Malik Washington,receptions,3.5,-113.0,-113.0,MIA,WAS,True,0.30337078651685395,-0.22714564540802867,0.16611278155826337,UNDER,0.16611278155826337
31.573812899745146,19.79898987322333,0.22545875062917387,,1.0156257097120962,0.9063758389261745,0.9967391304347826,0.9,1.05,1.0,0.95,False,,,,Michael Wilson,receiving_yards,46.5,-114.0,-110.0,ARI,SF,True,0.3125,-0.22021028037383172,0.16369047619047616,UNDER,0.16369047619047616
50.06555112949506,17.68945071692919,0.9778135727287488,,1.0004631624151614,1.0,1.0358695652173913,0.9,0.975,1.0,0.95,False,,,,Tyler Johnson,receiving_yards,14.5,-112.0,-112.0,NYJ,NE,False,0.6911254290914995,0.16282354229904672,-0.21942731588395237,OVER,0.16282354229904672
5.9385900580156274,9.98480989160177,0.22443767261823888,,0.9958824654830447,0.8984815618221258,0.9445652173913043,0.9,0.95,1.0,1.05,False,,,,Javonte Williams,receiving_yards,13.5,-113.0,-111.0,DAL,LV,False,0.3125,-0.21801643192488263,0.16143364928909953,UNDER,0.16143364928909953
2.1768598806812793,1.509230856356236,0.4152309745513776,,0.9677517368239525,0.9,1.0293478260869564,0.9,1.0150000000000001,1.0,1.0,False,,,,RJ Harvey,receptions,2.5,-123.0,-104.0,DEN,KC,True,0.3291139240506329,-0.22245558267582455,0.1610821543807397,UNDER,0.1610821543807397
19.037101053053327,13.384425917567668,0.21718901222746445,,1.036555971078845,1.0,1.0228260869565218,0.9,1.05,1.0,0.95,False,,,,Luke Musgrave,receiving_yards,29.5,-111.0,-113.0,GB,NYG,False,0.3125,-0.21356635071090047,0.15698356807511737,UNDER,0.15698356807511737
12.567826336027824,7.696628822938991,0.3047120873787641,,1.096730472508248,0.9809756097560975,1.0,0.9,0.9818181818181817,1.0,0.95,False,,,,Nick Westbrook-Ikhine,receiving_yards,16.5,-114.0,-111.0,MIA,WAS,True,0.32345447317718057,-0.20925580719665116,0.15047917611191897,UNDER,0.15047917611191897
74.43192310400136,15.654605286198267,0.9443778819106184,,1.0213185470051354,0.9253352664008698,0.9967391304347826,1.1,1.05,1.0,1.05,False,,,,Christian McCaffrey,receiving_yards,49.5,-112.0,-112.0,SF,ARI,False,0.6777511527642474,0.14944926597179453,-0.20605303955670018,OVER,0.14944926597179453
2.2323503119103587,1.378404875209022,0.42302001905547004,,0.9992855617783762,0.8962962962962963,0.983695652173913,0.9,1.05,1.0,1.0,False,,,,Woody Marks,receptions,2.5,-113.0,-113.0,HOU,TEN,False,0.3291139240506329,-0.20140250787424974,0.14036964402448449,UNDER,0.14036964402448449
3.4572341487672587,1.986062547968831,0.4914102464339778,,1.036075024225204,0.9321428571428572,1.0293478260869564,1.1,0.9663865546218489,1.0,1.0,False,,,,Tre Tucker,receptions,3.5,-142.0,111.0,LV,DAL,True,0.4,-0.18677685950413225,0.12606635071090044,UNDER,0.12606635071090044
0.9738444874464693,0.44721359549995804,0.11969367383714846,,1.0203081117479922,1.0,1.0358695652173913,0.9,0.95,1.0,1.0,False,,,,Arian Smith,receptions,1.5,122.0,-156.0,NYJ,NE,False,0.26565689829425165,-0.1847935521561988,0.12496810170574835,UNDER,0.12496810170574835
2.0496550041756993,1.1666666666666667,0.10690575617568776,,1.0413306617176081,0.98,1.0358695652173913,0.9158822319278381,0.95,1.0,1.0,False,,,,Jonnu Smith,receptions,3.5,134.0,-171.0,PIT,CIN,True,0.2631578947368421,-0.16419253261358524,0.10584579530005833,UNDER,0.10584579530005833
19.903595460743567,19.20653297945543,0.3656315260318813,,1.0643483754124512,0.9242389649923897,0.9978260869565218,1.0,1.0,1.0,1.0,False,,,,Drake Maye,rushing_yards,26.5,-116.0,-108.0,NE,NYJ,True,0.375,-0.1620370370370371,0.10576923076923073,UNDER,0.10576923076923073
43.5231593952946,24.417093284100066,0.23079232858230536,,1.1093295420801612,0.8962962962962963,0.9891304347826088,1.0,1.0,1.0,1.0,False,,,,Woody Marks,rushing_yards,61.5,-111.0,-113.0,HOU,TEN,False,0.3643656624490601,-0.16170068826184036,0.10511790562605727,UNDER,0.10511790562605727
2.6266248163182477,1.0690449676496974,0.2069734500658975,,1.04395848046381,1.1400000000000001,0.9967391304347826,0.9,1.05,1.0,1.0,False,,,,Greg Dortch,receptions,3.5,113.0,-145.0,ARI,SF,True,0.30337078651685395,-0.16611278155826342,0.10479247878926845,UNDER,0.10479247878926845
73.24518782553082,23.56433274628793,0.3790896413813287,,1.15,0.8962962962962963,1.0152173913043478,1.0,1.0,1.0,1.0,False,,,,Josh Jacobs,rushing_yards,80.5,-115.0,-109.0,GB,NYG,False,0.375,-0.1598837209302325,0.10346889952153115,UNDER,0.10346889952153115
32.506176967396804,20.67434573157205,0.28091323509517396,,0.8956809762250103,0.9,0.9891304347826088,1.0,1.0,1.0,1.0,False,,,,Tyrone Tracy Jr.,rushing_yards,44.5,-115.0,-109.0,NYG,GB,True,0.375,-0.1598837209302325,0.10346889952153115,UNDER,0.10346889952153115
75.11664942823282,36.737485721574046,0.9239614638773934,,1.050630602854402,1.1400000000000001,1.0032608695652174,1.024640193652576,1.05,1.0,0.95,False,,,,Jalen Nailor,receiving_yards,22.5,-110.0,-114.0,MIN,CHI,True,0.627188439163218,0.10337891535369415,-0.1598987195370497,OVER,0.10337891535369415
0.0,0.0,0.0,Out,,,,,,,,,,,INJURED (Out) - DO NOT BET,Darius Slayton,receptions,3.5,116.0,-148.0,NYG,GB,True,0.3,-0.16296296296296298,0.10322580645161283,UNDER,0.10322580645161283
5.244791404823574,2.1213203435596424,0.4521201833675309,,1.0071690180169823,0.9,1.0032608695652174,1.1,0.95,1.0,1.0,False,,,,Justin Jefferson,receptions,5.5,-129.0,101.0,MIN,CHI,True,0.4,-0.16331877729257638,0.10248756218905469,UNDER,0.10248756218905469
25.810333737199873,21.51278689523977,0.395705674759145,,0.9220277724627531,1.0,0.9630434782608697,1.0,1.0,1.0,1.0,False,,,,Lamar Jackson,rushing_yards,31.5,-115.0,-110.0,BAL,CLE,False,0.375,-0.1598837209302325,0.10119047619047616,UNDER,0.10119047619047616
5.6747368368432625,2.1317702607092643,0.5326638998271674,,1.064981030433426,0.9130434782608695,0.9967391304347826,1.1,1.0457516339869282,1.0,1.0,False,,,,Ladd McConkey,receptions,5.5,-128.0,100.0,LAC,JAX,False,0.4,-0.16140350877192977,0.09999999999999998,UNDER,0.09999999999999998
5.939287152376259,1.9226098333849673,0.8977326447132434,,0.9703795555701545,1.1333333333333333,1.0293478260869564,1.1,1.05,1.0,1.0,False,,,,Jameson Williams,receptions,3.5,106.0,-135.0,DET,PHI,False,0.5853658536585366,0.09992896045465305,-0.15983393876491958,OVER,0.09992896045465305
1.087622516421926,0.816496580927726,0.3067593278350149,,1.0203081117479922,1.0571428571428572,1.0358695652173913,0.9,0.95,1.0,1.0,False,,,,Adonai Mitchell,receptions,1.5,116.0,-148.0,NYJ,NE,False,0.30337078651685395,-0.159592176446109,0.09985501993475887,UNDER,0.09985501993475887
59.87101703195943,32.09430548312963,0.35854977302896174,,0.9919665406574887,0.9792746113989637,0.9978260869565218,1.0,1.0,1.0,1.0,False,,,,Christian McCaffrey,rushing_yards,71.5,-113.0,-111.0,SF,ARI,False,0.375,-0.15551643192488263,0.09893364928909953,UNDER,0.09893364928909953
21.0565712058064,24.854577043273135,0.4133206921598247,,0.8931900063988965,0.9887147335423198,1.0,1.0,1.0,1.0,1.0,False,,,,Patrick Mahomes,rushing_yards,26.5,-113.0,-111.0,KC,DEN,False,0.375,-0.15551643192488263,0.09893364928909953,UNDER,0.09893364928909953
75.14867141495284,22.055485586231022,0.9105705073519905,,1.0559600675542686,1.034240837696335,1.0228260869565218,1.1,1.05,1.0,1.05,False,,,,Khalil Shakir,receiving_yards,45.5,-111.0,-113.0,BUF,TB,True,0.6231711522055972,0.09710480149469669,-0.15368758413047978,OVER,0.09710480149469669
26.826635675447573,25.708994164540567,0.36792015706326686,,1.1022877619948008,0.8962962962962963,1.0,1.0,1.0,1.0,1.0,False,,,,Chris Rodriguez Jr.,rushing_yards,35.5,-112.0,-112.0,WAS,MIA,False,0.375,-0.15330188679245282,0.09669811320754718,UNDER,0.09669811320754718
63.52306599978031,34.38063085194595,0.3637838553084435,,0.9593923198544612,0.9038979447200567,0.9630434782608697,1.0,1.0,1.0,1.0,False,,,,Javonte Williams,rushing_yards,75.5,-112.0,-112.0,DAL,LV,False,0.375,-0.15330188679245282,0.09669811320754718,UNDER,0.09669811320754718
16.617437382023954,8.695464973830388,0.3276164987584983,,1.0833341362399471,1.018857142857143,1.0358695652173913,0.9158822319278381,0.95,1.0,1.05,False,,,,Jonnu Smith,receiving_yards,20.5,-113.0,-111.0,PIT,CIN,True,0.37785686560641146,-0.15265956631847116,0.09607678368268813,UNDER,0.09607678368268813
16.697242758466476,26.19849444359563,0.32617036128100374,,0.9072195527489,0.8962962962962963,0.9445652173913043,1.0545160478417535,0.95,1.0,0.95,False,,,,Mark Andrews,receiving_yards,28.5,-111.0,-113.0,BAL,CLE,False,0.3735179112673558,-0.15254843944354468,0.09596565680776159,UNDER,0.09596565680776159
68.8065708572431,30.084405072585838,0.38630294839030166,,1.15,0.9164887307236061,1.0239130434782608,1.0,1.0,1.0,1.0,False,,,,Jaylen Warren,rushing_yards,77.5,-111.0,-113.0,PIT,CIN,True,0.375,-0.15106635071090047,0.09448356807511737,UNDER,0.09448356807511737
4.466183982831925,2.0138409955990952,0.8355508252536582,,1.046586299210012,0.9697885196374622,1.0228260869565218,1.1,0.95,1.0,1.0,False,,,,Rashid Shaheed,receptions,2.5,129.0,-165.0,SEA,LA,False,0.530612244897959,0.0939310221905354,-0.15325375433192123,OVER,0.0939310221905354
26.021816548010893,16.68915149963526,0.3270453859888185,,0.9344826215933224,0.9969784172661871,1.0152173913043478,1.0,1.0,1.0,1.0,False,,,,Josh Allen,rushing_yards,33.5,-109.0,-115.0,BUF,TB,True,0.375,-0.14653110047846885,0.09011627906976749,UNDER,0.09011627906976749
46.78969934464867,29.415132160165456,0.4097748810713341,,0.9593923198544612,0.8962962962962963,1.0021739130434784,1.0,1.0,1.0,1.0,False,,,,Chase Brown,rushing_yards,53.5,-109.0,-115.0,CIN,PIT,False,0.375,-0.14653110047846885,0.09011627906976749,UNDER,0.09011627906976749
132.22237797518878,26.44447559503776,0.8848495881874323,,1.014535591932578,1.0121555386123515,1.0228260869565218,1.1,1.05,1.0,0.95,False,,,,Jaxon Smith-Njigba,receiving_yards,100.5,-112.0,-112.0,SEA,LA,False,0.6154548764562296,0.08715298966377683,-0.14375676324868247,OVER,0.08715298966377683
2.241609483341875,1.3228756555322954,0.42256931392915154,,1.0203081117479922,1.1333333333333333,1.0358695652173913,0.9,1.05,1.0,1.0,False,,,,Breece Hall,receptions,2.5,111.0,-141.0,NYJ,NE,False,0.3291139240506329,-0.14481972523846665,0.08582383528546667,UNDER,0.08582383528546667
39.453412732814904,17.95032828987497,0.8995018581524795,,0.9811053133606873,1.1400000000000001,1.0228260869565218,1.0281977435510046,1.0096153846153846,1.0,1.05,False,,,,Saquon Barkley,receiving_yards,16.5,-116.0,-108.0,PHI,DET,True,0.6198505574457438,0.08281352040870671,-0.13908132667651307,OVER,0.08281352040870671
62.52160880720458,18.707809675564448,0.8694257934492379,,0.9573649706067359,1.1333333333333333,0.983695652173913,1.1,0.95,1.0,0.95,False,,,,DJ Moore,receiving_yards,41.5,-112.0,-112.0,CHI,MIN,False,0.6108277380347713,0.08252585124231848,-0.13912962482722413,OVER,0.08252585124231848
88.66488218386066,38.751036852487665,0.8500121158585736,,0.9794095745925478,0.9915294117647059,1.0293478260869564,1.1,1.05,1.0,0.95,False,,,,Jameson Williams,receiving_yards,48.5,-110.0,-114.0,DET,PHI,False,0.6050036347575721,0.08119411094804829,-0.13771391513140385,OVER,0.08119411094804829
2.560637486705225,2.1081851067789192,0.3279507767244668,,0.907311905661307,1.004669260700389,0.9445652173913043,1.0545160478417535,0.95,1.0,1.0,False,,,,Mark Andrews,receptions,3.5,121.0,-154.0,BAL,CLE,False,0.31270056569370297,-0.13978812208910246,0.0810002217078718,UNDER,0.0810002217078718
5.528586572989316,1.577621275493231,0.5072284576444746,,0.9942927061605925,1.0634920634920635,1.0,1.1,0.9864130434782608,1.0,1.0,False,,,,Jaylen Waddle,receptions,5.5,-118.0,-108.0,MIA,WAS,True,0.4,-0.14128440366972472,0.0807692307692307,UNDER,0.0807692307692307
122.3436079091291,41.97597101744214,0.8462945574513872,Questionable,0.986410553221009,1.1234299516908213,0.9967391304347826,1.1,1.05,1.0,0.95,False,,,,Drake London,receiving_yards,79.5,-110.0,-114.0,ATL,CAR,True,0.6038883672354162,0.08007884342589233,-0.1365986476092479,OVER,0.08007884342589233
66.25480295177093,20.579115627256677,0.8758146855591453,,0.9504366664969093,0.9149606299212598,1.0,1.1,0.9943714821763602,1.0,1.0148148148148148,False,,,,Travis Kelce,receiving_yards,42.5,-114.0,-110.0,KC,DEN,False,0.6127444056677436,0.08003412529391185,-0.1365539294772674,OVER,0.08003412529391185
41.62544694399267,21.767849818351046,0.8340984616481902,,1.1337218024932314,0.8962962962962963,1.0032608695652174,0.9840781293005763,0.95,1.0,1.05,False,,,,Chase Brown,receiving_yards,20.5,-110.0,-115.0,CIN,PIT,False,0.600229538494457,0.0764200146849332,-0.13511325942468955,OVER,0.0764200146849332
6.819049613002358,2.516611478423583,0.3933561759915466,,0.9375318212426298,1.0,1.0,1.1,1.05,1.0,1.0,False,,,,Rashee Rice,receptions,7.5,115.0,-147.0,KC,DEN,False,0.3291139240506329,-0.13600235501913455,0.07574437554450886,UNDER,0.07574437554450886
4.555195239282919,1.429840705968481,0.5153962934496252,,0.8968006306764991,0.971830985915493,0.9706521739130434,1.1,1.05,1.0,1.0,False,,,,Tetairoa McMillan,receptions,4.5,-115.0,-111.0,CAR,ATL,False,0.4,-0.1348837209302325,0.07393364928909951,UNDER,0.07393364928909951
124.58940978490911,46.365696131706876,0.8345924735303636,,1.0794379041667947,1.1400000000000001,1.0,1.0,1.0,1.0,1.0,False,,,,De'Von Achane,rushing_yards,79.5,-112.0,-112.0,MIA,WAS,True,0.6003777420591091,0.07207585526665627,-0.12867962885156192,OVER,0.07207585526665627
4.511372782447031,2.590581230363393,0.6518810145121727,,1.0203081117479922,1.1333333333333333,1.0358695652173913,1.1,1.05,1.0,1.0,False,,,,Mason Taylor,receptions,3.5,-162.0,126.0,NYJ,NE,False,0.48623853211009177,-0.13208207857693116,0.07128359178371357,UNDER,0.07128359178371357
46.27397561146024,14.247806848775006,0.815022411121856,,1.1093295420801612,0.9889969435954432,0.9891304347826088,1.0,1.0,1.0,1.0,False,,,,Nick Chubb,rushing_yards,33.5,-110.0,-114.0,HOU,TEN,False,0.5945067233365569,0.07069719952703302,-0.12721700371038858,OVER,0.07069719952703302
22.64057126003417,10.676241981949588,0.8722638262018343,,1.15,1.051558550968829,1.0152173913043478,1.0,1.0,1.0,1.0,False,,,,Jordan Love,rushing_yards,10.5,-118.0,-106.0,GB,NYG,False,0.6116791478605503,0.07039474419082559,-0.12624225465666683,OVER,0.07039474419082559
3.864289953617971,1.0137937550497031,0.6403271533065883,,1.0413306617176081,1.0507692307692307,1.0358695652173913,1.1,0.95,1.0,1.0,False,,,,DK Metcalf,receptions,3.5,-160.0,125.0,PIT,CIN,True,0.48623853211009177,-0.12914608327452365,0.06931702344546387,UNDER,0.06931702344546387
49.25471138551151,31.35738691737107,0.7942703730123268,,0.9270839211756755,1.1400000000000001,1.0293478260869564,0.9,1.05,1.0,1.05,False,,,,Marvin Mims Jr.,receiving_yards,23.5,-108.0,-116.0,DEN,KC,True,0.588281111903698,0.06905034267292876,-0.12531814894073512,OVER,0.06905034267292876
41.58418056394101,19.091883092036785,0.8145636864010555,,1.096730472508248,1.0,1.0,1.0853710853710854,1.0,1.0,1.05,False,,,,Greg Dulcich,receiving_yards,24.5,-111.0,-113.0,MIA,WAS,True,0.5943691059203167,0.0683027552094162,-0.12488553784519929,OVER,0.0683027552094162
3.7976245058784697,2.760262237369417,0.7974065815932448,,1.0794379041667947,0.9,1.0,1.0,1.0,1.0,1.0,False,,,,Tua Tagovailoa,rushing_yards,1.5,-109.0,-115.0,MIA,WAS,True,0.5892219744779734,0.06769087399950457,-0.12410569540820593,OVER,0.06769087399950457
4.1746814986923075,1.3642254619787417,0.6895420804922728,,0.9990227799037561,0.9130434782608696,1.0,1.1,1.05,1.0,1.0,False,,,,Zach Ertz,receptions,3.5,-158.0,124.0,WAS,MIA,False,0.48623853211009177,-0.126164568665102,0.06733289646133683,UNDER,0.06733289646133683
35.233827548908835,14.977761292440647,0.7833087585241238,,1.0834617785012863,1.0,1.0021739130434784,1.0,1.0,1.0,1.0,False,,,,J.J. McCarthy,rushing_yards,23.5,-108.0,-116.0,MIN,CHI,True,0.5849926275572371,0.06576185832646786,-0.12202966459427422,OVER,0.06576185832646786
2.8026807773836087,2.650995620097811,0.3962596803747803,,0.9703795555701545,1.1333333333333333,1.0293478260869564,0.9,0.95,1.0,1.0,False,,,,Jahmyr Gibbs,receptions,3.5,120.0,-154.0,DET,PHI,False,0.3291139240506329,-0.12543153049482164,0.06458686335094188,UNDER,0.06458686335094188
61.072900233696245,25.612496949731394,0.7890810620449281,,1.005087904510087,1.0889975550122248,0.983695652173913,1.1,0.95,1.0,0.95,False,,,,Dalton Schultz,receiving_yards,40.5,-110.0,-114.0,HOU,TEN,False,0.5867243186134784,0.06291479480395457,-0.11943459898731013,OVER,0.06291479480395457
49.26362011841516,35.85154575933001,0.7888096735245309,,0.9609017971802838,0.9,0.9967391304347826,0.9,0.95,1.0,1.05,False,,,,Kyle Williams,receiving_yards,20.5,-110.0,-115.0,NE,NYJ,True,0.5866429020573593,0.06283337824783541,-0.12152662298759176,OVER,0.06283337824783541
73.8767466750936,19.96733443513291,0.8079204805618112,,0.8908906496363298,1.0583086053412463,0.9891304347826088,1.0,1.0,1.0,1.0,False,,,,Kyren Williams,rushing_yards,56.5,-113.0,-111.0,LA,SEA,True,0.5923761441685433,0.061859712243660714,-0.1184424948794438,OVER,0.061859712243660714
43.76981928918849,21.723369027495757,0.8124753076881976,,1.0413069045208978,0.9035051546391752,0.9891304347826088,1.0,1.0,1.0,1.0,False,,,,Caleb Williams,rushing_yards,24.5,-114.0,-110.0,CHI,MIN,False,0.5937425923064593,0.06103231193262759,-0.11755211611598315,OVER,0.06103231193262759
32.47675939559369,7.656307701434655,0.7824905404722581,,1.1337218024932314,0.9340233428760185,1.0032608695652174,0.9,0.95,1.0,1.05,False,,,,Noah Fant,receiving_yards,26.5,-110.0,-114.0,CIN,PIT,False,0.5847471621416774,0.0609376383321536,-0.11745744251550916,OVER,0.0609376383321536
7.352407149216568,2.5,0.8730573105404666,,1.033447205479002,1.0,0.9967391304347826,1.1,1.0476190476190477,1.0,1.0,False,,,,George Kittle,receptions,4.5,-111.0,-115.0,SF,ARI,False,0.5853658536585366,0.059299502947636085,-0.12024957458876906,OVER,0.059299502947636085
3.18509687927634,0.9759000729485333,0.37346892229923634,,1.1201652241036673,1.0875,1.0032608695652174,0.9,0.95,1.0,1.0,False,,,,Noah Fant,receptions,3.5,124.0,-158.0,CIN,PIT,False,0.3291139240506329,-0.11731464737793856,0.058482975174173335,UNDER,0.058482975174173335
85.13508360605593,37.176941778473385,0.7794205595643038,,0.9573649706067359,1.075975715524718,0.983695652173913,1.1,1.05,1.0,0.95,False,,,,Rome Odunze,receiving_yards,56.5,-112.0,-112.0,CHI,MIN,False,0.5838261678692911,0.05552428107683827,-0.11212805466174391,OVER,0.05552428107683827
1.6572414948959264,0.8498365855987975,0.16067896118567548,,0.9990227799037561,1.0465116279069768,1.0,0.9,1.05,1.0,1.0,False,,,,Jaylin Lane,receptions,2.5,140.0,-180.0,WAS,MIA,False,0.30337078651685395,-0.11329588014981273,0.05377207062600309,UNDER,0.05377207062600309
50.361771251350504,31.14910378593045,0.7876093379531542,,1.1337218024932314,1.0,1.0032608695652174,0.9,1.05,1.0,0.95,False,,,,Andrei Iosivas,receiving_yards,25.5,-114.0,-110.0,CIN,PIT,False,0.5862828013859462,0.053572521012114516,-0.11009232519547008,OVER,0.053572521012114516
3.964993400678818,2.5144029554194813,0.4157505325435875,,0.9677517368239525,1.1372549019607843,1.0293478260869564,1.1,0.95,1.0,1.0,False,,,,Courtland Sutton,receptions,4.5,128.0,-164.0,DEN,KC,True,0.3291139240506329,-0.10948256717743726,0.049673954737245896,UNDER,0.049673954737245896
6.895780332184849,1.8333333333333333,0.370860797817837,,0.9703795555701545,0.9537688442211054,1.0293478260869564,1.1,0.95,1.0,1.0,False,,,,Amon-Ra St. Brown,receptions,7.5,125.0,-164.0,DET,PHI,False,0.3291139240506329,-0.11533052039381153,0.049673954737245896,UNDER,0.049673954737245896
5.660356483130519,2.0275875100994063,0.7164353052085133,,0.9990227799037561,1.1,1.0,1.1,1.05,1.0,1.0,False,,,,Deebo Samuel Sr.,receptions,4.5,-144.0,113.0,WAS,MIA,False,0.48623853211009177,-0.10392540231613773,0.04427789981479091,UNDER,0.04427789981479091
88.35630803715358,43.347433603386484,0.7322260337034174,,1.0111278470122107,0.9376102158710854,1.0195652173913043,1.0,1.0,1.0,1.0,False,,,,Jahmyr Gibbs,rushing_yards,61.5,-112.0,-112.0,DET,PHI,False,0.5696678101110252,0.04136592331857236,-0.09796969690347801,OVER,0.04136592331857236
61.1033020513987,31.885646370184258,0.3603871747263193,,1.050630602854402,0.9463768115942028,1.0032608695652174,1.1,0.95,1.0,0.95,False,,,,Justin Jefferson,receiving_yards,72.5,-110.0,-114.0,MIN,CHI,True,0.4284440163065597,-0.09536550750296413,0.03884570331960857,UNDER,0.03884570331960857
8.893227826019391,2.5035688811888406,0.8304453140131469,Questionable,0.9730073743163565,1.1400000000000001,0.9967391304347826,1.1,1.05,1.0,1.0,False,,,,Drake London,receptions,6.5,102.0,-130.0,ATL,CAR,True,0.530612244897959,0.03556273994746395,-0.09582963620230678,OVER,0.03556273994746395
39.622625021901506,15.56438241627338,0.37700065416996775,,0.9800878700998036,0.8962962962962963,1.0,1.1,1.05,1.0,0.95,False,,,,Zach Ertz,receiving_yards,44.5,-113.0,-111.0,WAS,MIA,False,0.43859649122807015,-0.09191994069681247,0.03533715806102933,UNDER,0.03533715806102933
6.932264544884004,1.4142135623730951,0.6200671645506272,,1.0203081117479922,1.0,0.9445652173913043,1.1,0.9818181818181818,1.0,1.0,False,,,,CeeDee Lamb,receptions,6.5,-139.0,109.0,DAL,LV,False,0.48623853211009177,-0.09535142604890406,0.035292568368377186,UNDER,0.035292568368377186
83.6419548942472,30.009072702175327,0.7594451164609477,,1.0704949712811775,0.9221644120707596,0.9967391304347826,1.1,1.0457516339869282,1.0,0.95,False,,,,Ladd McConkey,receiving_yards,62.5,-111.0,-113.0,LAC,JAX,False,0.561326602677977,0.035260251967076495,-0.09184303460285959,OVER,0.035260251967076495
5.9325768312593405,3.0237157840738176,0.6821716914258813,,1.0203081117479922,0.9368421052631579,0.9445652173913043,1.1,0.9948979591836734,1.0,1.0,False,,,,Jake Ferguson,receptions,4.5,-138.0,108.0,DAL,LV,False,0.48623853211009177,-0.09359340066301752,0.0329922371206775,UNDER,0.0329922371206775
3.2523547291608126,2.0714509627092528,0.45241918228024536,,0.9540870793437022,1.1400000000000001,0.9967391304347826,1.0818902075225787,0.95,1.0,1.0,False,,,,Hunter Henry,receptions,3.5,103.0,-131.0,NE,NYJ,True,0.4,-0.09261083743842363,0.032900432900432874,UNDER,0.032900432900432874
1.1930208548303916,1.7320508075688772,0.6554643778682684,,0.8908906496363298,0.9,0.9891304347826088,1.0,1.0,1.0,1.0,False,,,,Matthew Stafford,rushing_yards,0.5,109.0,-137.0,LA,SEA,True,0.5087719298245613,0.03030303030303022,-0.08683100155451917,OVER,0.03030303030303022
201.0037460090523,50.49752469181039,0.387029895076177,,1.050630602854402,1.0,1.0032608695652174,1.0,1.0,0.95,1.0,False,,,,J.J. McCarthy,passing_yards,215.5,-114.0,-111.0,MIN,CHI,True,0.4444444444444444,-0.0882658359293873,0.029489204844655115,UNDER,0.029489204844655115
201.09537229263645,58.9051969033482,0.3903173421609786,,0.9270839211756755,1.080872011251758,1.0293478260869564,1.0,1.0,0.9741246694637724,1.0,False,,,,Bo Nix,passing_yards,217.5,-113.0,-111.0,DEN,KC,True,0.4444444444444444,-0.0860719874804382,0.029489204844655115,UNDER,0.029489204844655115
68.16806091900817,24.779023386727733,0.3836559060031324,,0.9794095745925478,0.9049853372434018,1.0293478260869564,1.1,0.95,1.0,0.95,False,,,,Amon-Ra St. Brown,receiving_yards,75.5,-110.0,-114.0,DET,PHI,False,0.43859649122807015,-0.08521303258145368,0.02869322839809807,UNDER,0.02869322839809807
316.54081693265726,63.308163386531454,0.8203758296914396,,1.0213185470051354,1.0,0.9967391304347826,1.0,1.0,1.0350617574844716,1.0,False,,,,Brock Purdy,passing_yards,258.5,-111.0,-113.0,SF,ARI,False,0.5538461538461539,0.02777980313525341,-0.0843625857710365,OVER,0.02777980313525341
185.1710473635404,64.63590333553017,0.3943107742647708,,0.9800878700998036,1.0,1.0,1.0,1.0,1.0326075517995792,1.0,False,,,,Marcus Mariota,passing_yards,202.5,-112.0,-112.0,WAS,MIA,False,0.4444444444444444,-0.0838574423480084,0.027253668763102756,UNDER,0.027253668763102756
207.8234485175222,67.86403891441901,0.4316959617992393,,0.9081885463306938,0.9592109793890501,0.9902173913043477,1.0,1.0,0.9875418481324967,1.0,False,,,,Baker Mayfield,passing_yards,219.5,-112.0,-112.0,TB,BUF,False,0.4444444444444444,-0.0838574423480084,0.027253668763102756,UNDER,0.027253668763102756
198.3627968665538,94.00325053481454,0.3702333460041869,,1.0925395752669895,0.9599862258953168,1.0293478260869564,1.0,1.0,0.99090923184719,1.0,False,,,,Geno Smith,passing_yards,229.5,-112.0,-112.0,LV,DAL,True,0.4444444444444444,-0.0838574423480084,0.027253668763102756,UNDER,0.027253668763102756
263.3977402132197,52.679548042643944,0.5294906812320235,,0.9504366664969093,1.0031097034264325,1.0,1.0,1.0,1.0210910424745914,1.0,False,,,,Patrick Mahomes,passing_yards,259.5,-113.0,-111.0,KC,DEN,False,0.44680851063829785,-0.08370792128658477,0.027125138650801683,UNDER,0.027125138650801683
272.8773019325942,54.57546038651884,0.753288214044238,,0.9609017971802838,1.0177105449398443,0.9967391304347826,1.0,1.0,1.05,1.0,False,,,,Drake Maye,passing_yards,235.5,-112.0,-112.0,NE,NYJ,True,0.5538461538461539,0.025544267053701053,-0.0821480406386067,OVER,0.025544267053701053
306.9812967963683,78.23362448461658,0.8627243604495405,,1.0559600675542686,1.1041154328732747,1.0228260869565218,1.0,1.0,1.0368685077712252,1.0,False,,,,Josh Allen,passing_yards,221.5,-112.0,-112.0,BUF,TB,True,0.5538461538461539,0.025544267053701053,-0.0821480406386067,OVER,0.025544267053701053
318.62203488304397,77.42415643712239,0.7454646296052875,,1.0297972408458325,1.125461741424802,0.983695652173913,1.0,1.0,1.0464958809077403,1.0,False,,,,Matthew Stafford,passing_yards,267.5,-112.0,-112.0,LA,SEA,True,0.5538461538461539,0.025544267053701053,-0.0821480406386067,OVER,0.025544267053701053
284.9386499137127,56.98772998274254,0.7822437240976533,,0.9794095745925478,0.9820329100163068,1.0293478260869564,1.0,1.0,1.05,1.0,False,,,,Jared Goff,passing_yards,240.5,-112.0,-112.0,DET,PHI,False,0.5538461538461539,0.025544267053701053,-0.0821480406386067,OVER,0.025544267053701053
165.6855990207122,39.12160528403711,0.3716248143225047,,1.0634697678131715,1.0,0.9967391304347826,1.0,1.0,0.95,1.0,False,,,,Dillon Gabriel,passing_yards,178.5,-111.0,-113.0,CLE,BAL,True,0.4444444444444444,-0.08162190626645605,0.025039123630672955,UNDER,0.025039123630672955
226.6138402795545,62.30899384748332,0.4879254356365694,,0.986410553221009,1.1378435517970402,0.9967391304347826,1.0,1.0,0.9521358790757989,1.0,False,,,,Michael Penix Jr.,passing_yards,228.5,-112.0,-112.0,ATL,CAR,True,0.44680851063829785,-0.08149337615415497,0.024889602569249325,UNDER,0.024889602569249325
231.49538377268814,46.29907675453763,0.4913442671129912,,1.0833341362399471,1.0208070617906684,1.0358695652173913,1.0,1.0,1.0206573290050445,1.0,False,,,,Aaron Rodgers,passing_yards,232.5,-112.0,-112.0,PIT,CIN,True,0.44680851063829785,-0.08149337615415497,0.024889602569249325,UNDER,0.024889602569249325
213.5114574549127,109.60155108391487,0.49276223586446954,,1.005087904510087,1.0,0.983695652173913,1.0,1.0,0.95,1.0,False,,,,Davis Mills,passing_yards,215.5,-112.0,-112.0,HOU,TEN,False,0.44680851063829785,-0.08149337615415497,0.024889602569249325,UNDER,0.024889602569249325
323.1300479699713,105.68137759997535,0.7232858963482771,,1.1337218024932314,0.9057907213003725,1.0032608695652174,1.0,1.0,0.9772197528461061,1.0,False,,,,Joe Flacco,passing_yards,260.5,-113.0,-111.0,CIN,PIT,False,0.5538461538461539,0.02332972192127125,-0.07991250455705434,OVER,0.02332972192127125
279.8079667913112,71.4947550523813,0.754799919808356,,1.036555971078845,1.0333282185054473,1.0228260869565218,1.0,1.0,1.05,1.0,False,,,,Jordan Love,passing_yards,230.5,-113.0,-111.0,GB,NYG,False,0.5538461538461539,0.02332972192127125,-0.07991250455705434,OVER,0.02332972192127125
293.5106920269937,67.41290677607664,0.7285225639637736,,1.014535591932578,1.0890057864281957,1.0228260869565218,1.0,1.0,1.05,1.0,False,,,,Sam Darnold,passing_yards,252.5,-113.0,-111.0,SEA,LA,False,0.5538461538461539,0.02332972192127125,-0.07991250455705434,OVER,0.02332972192127125
226.66444152882676,45.33288830576535,0.49264726468183695,,0.9573649706067359,1.0288874430709174,0.983695652173913,1.0,1.0,0.9637472178599595,1.0,False,,,,Caleb Williams,passing_yards,227.5,-111.0,-113.0,CHI,MIN,False,0.44680851063829785,-0.07925784007260261,0.022675057436819523,UNDER,0.022675057436819523
5.259314559189379,2.068278940998476,0.6432366867726684,,1.1201652241036673,0.92,1.0032608695652174,1.1,1.05,1.0,1.0,False,,,,Tee Higgins,receptions,4.5,-131.0,103.0,CIN,PIT,False,0.48623853211009177,-0.08086103498947533,0.02115063045148463,UNDER,0.02115063045148463
2.9324989807477166,1.2817398889233114,0.6321040517917981,,1.0413306617176081,0.9555555555555556,1.0358695652173913,0.9,1.05,1.0,1.0,False,,,,Pat Freiermuth,receptions,2.5,-130.0,102.0,PIT,CIN,True,0.48623853211009177,-0.07897885919425601,0.01871196293941324,UNDER,0.01871196293941324
3.5204808860218053,2.160246899469287,0.5037822384900044,,0.9540870793437022,1.0505050505050504,0.9967391304347826,0.9211920501849068,0.95,1.0,1.0,False,,,,Mack Hollins,receptions,3.5,109.0,-139.0,NE,NYJ,True,0.4,-0.07846889952153108,0.018410041841004143,UNDER,0.018410041841004143
9.915451165301613,4.746343621966048,0.617232095213161,,1.1201652241036673,0.8962962962962963,1.0032608695652174,1.1,0.95,1.0,1.0,False,,,,Ja'Marr Chase,receptions,8.5,-128.0,100.0,CIN,PIT,False,0.48623853211009177,-0.07516497666183802,0.013761467889908285,UNDER,0.013761467889908285
3.129072848545942,1.118033988749895,0.7131667391639174,,0.9730073743163565,1.1400000000000001,1.0228260869565218,0.946159668985756,1.0046296296296295,1.0,1.0,False,,,,Saquon Barkley,receptions,2.5,-128.0,100.0,PHI,DET,True,0.48623853211009177,-0.07516497666183802,0.013761467889908285,UNDER,0.013761467889908285
65.46009403241536,51.11778338091136,0.42981521223047026,,0.9824337907460144,0.9863636363636363,0.9978260869565218,1.0,1.0,1.0,1.0,False,,,,Bijan Robinson,rushing_yards,74.5,-112.0,-112.0,ATL,CAR,True,0.4594594594594595,-0.06884242733299334,0.012238653748087747,UNDER,0.012238653748087747
13.675774422158815,11.808659722612235,0.43861484448810906,,0.956997156560121,0.9,1.0,1.0,1.0,1.0,1.0,False,,,,Bhayshul Tuten,rushing_yards,15.5,-112.0,-112.0,JAX,LAC,True,0.4594594594594595,-0.06884242733299334,0.012238653748087747,UNDER,0.012238653748087747
6.261945417430519,2.179449471770337,0.7905801831130069,,0.9992855617783762,1.0559585492227979,0.983695652173913,1.1,0.95,1.0,1.0,False,,,,Dalton Schultz,receptions,4.5,-109.0,-117.0,HOU,TEN,False,0.530612244897959,0.00908114441949015,-0.06978275181040139,OVER,0.00908114441949015
26.810104462880684,26.100766272276374,0.44378836923072895,,0.9824337907460144,0.9617924528301887,0.9978260869565218,1.0,1.0,1.0,1.0,False,,,,Tyler Allgeier,rushing_yards,30.5,-110.0,-114.0,ATL,CAR,True,0.4594594594594595,-0.06435006435006435,0.007830260166708847,UNDER,0.007830260166708847
76.81233698202988,33.34666400106613,0.7187521381574211,,1.0413069045208978,0.9654676258992806,0.9891304347826088,1.0,1.0,1.0,1.0,False,,,,D'Andre Swift,rushing_yards,57.5,-110.0,-115.0,CHI,MIN,False,0.5315254147179821,0.007715890908458256,-0.0664091356482146,OVER,0.007715890908458256
4.550002318466395,1.9465068427541912,0.5102469946833157,,1.054469755448618,0.9,0.983695652173913,1.1,1.05,1.0,1.0,False,,,,Theo Johnson,receptions,4.5,115.0,-146.0,NYG,GB,True,0.4,-0.06511627906976741,0.006504065040650375,UNDER,0.006504065040650375
5.526861127060337,2.5009089256799126,0.6593152972542058,,0.9540870793437022,0.9494252873563218,0.9967391304347826,1.1,0.95,1.0,1.0,False,,,,Stefon Diggs,receptions,4.5,-124.0,-103.0,NE,NYJ,True,0.48623853211009177,-0.06733289646133683,0.006372305328331884,UNDER,0.006372305328331884
5.198776076826475,1.740051084818425,0.6560047700192396,,0.907311905661307,1.0191343963553532,0.9445652173913043,1.1,1.05,1.0,1.0,False,,,,Zay Flowers,receptions,4.5,-124.0,-103.0,BAL,CLE,False,0.48623853211009177,-0.06733289646133683,0.006372305328331884,UNDER,0.006372305328331884
4.715684789554508,1.7511900715418263,0.5490116586754856,,0.9677517368239525,1.0333333333333334,1.0293478260869564,1.1,0.95,1.0,1.0,False,,,,Troy Franklin,receptions,4.5,116.0,-148.0,DEN,KC,True,0.4,-0.06296296296296294,0.003225806451612856,UNDER,0.003225806451612856
3.8917964048679807,2.503331114069145,0.5621844894596117,,1.0071690180169823,1.0,1.0032608695652174,1.1,0.95,1.0,1.0,False,,,,Jordan Addison,receptions,3.5,-118.0,-108.0,MIN,CHI,True,0.48,-0.06128440366972476,0.0007692307692307443,UNDER,0.0007692307692307443
3.286284339138673,1.7638342073763937,0.6721223913143174,,0.9540870793437022,1.1400000000000001,0.9967391304347826,0.9,1.05,1.0,1.0,False,,,,TreVeyon Henderson,receptions,2.5,-119.0,-107.0,NE,NYJ,True,0.48623853211009177,-0.05714046332369821,-0.003146744670478152,UNDER,-0.003146744670478152
50.51496634717761,24.685803387552305,0.6722759620657135,,1.096730472508248,1.1400000000000001,1.0,1.1,1.010204081632653,1.0,1.05,False,,,,De'Von Achane,receiving_yards,39.5,-110.0,-114.0,MIA,WAS,True,0.520618556701031,-0.0031909671084928704,-0.05332883707486269,OVER,-0.0031909671084928704
83.278247216173,35.15718671591596,0.7414743193903637,,1.1337218024932314,0.8962962962962963,1.0032608695652174,1.1,1.05,1.0,0.95,False,,,,Tee Higgins,receiving_yards,60.5,-110.0,-114.0,CIN,PIT,False,0.520618556701031,-0.0031909671084928704,-0.05332883707486269,OVER,-0.0031909671084928704
86.94168265034261,26.501572280401277,0.6806329968119769,,0.9504366664969093,1.0,1.0,1.1,1.05,1.0,1.05,False,,,,Rashee Rice,receiving_yards,74.5,-110.0,-114.0,KC,DEN,False,0.520618556701031,-0.0031909671084928704,-0.05332883707486269,OVER,-0.0031909671084928704
81.98998110119969,50.309044912421065,0.6938060920507463,,0.9811053133606873,0.9682767624020888,1.0228260869565218,1.1,0.95,1.0,0.95,False,,,,DeVonta Smith,receiving_yards,56.5,-110.0,-114.0,PHI,DET,True,0.520618556701031,-0.0031909671084928704,-0.05332883707486269,OVER,-0.0031909671084928704
3.951472360347187,2.0354009783964293,0.7621123044152422,,0.9677517368239525,1.1400000000000001,1.0293478260869564,0.9,1.05,1.0,1.0,False,,,,Marvin Mims Jr.,receptions,2.5,-104.0,-122.0,DEN,KC,True,0.506554254246173,-0.0032496673224544637,-0.05610380379572255,OVER,-0.0032496673224544637
2.881098337605561,2.8284271247461903,0.5535907271870848,,0.9942927061605925,1.0,1.0,1.0853710853710854,1.0,1.0,1.0,False,,,,Greg Dulcich,receptions,2.5,-116.0,-110.0,MIA,WAS,True,0.48,-0.05703703703703711,-0.003809523809523818,UNDER,-0.003809523809523818
94.44362937337887,32.30067078766838,0.689205849402675,,1.096730472508248,1.0955631399317407,1.0,1.1,0.9864130434782608,1.0,0.95,False,,,,Jaylen Waddle,receiving_yards,78.5,-111.0,-113.0,MIA,WAS,True,0.520618556701031,-0.0054477940098695,-0.05113498862591359,OVER,-0.0054477940098695
55.988360514983384,25.01285383843389,0.7187852323297791,Questionable,1.0704949712811775,1.0774193548387097,0.9967391304347826,1.1,0.95,1.0,0.95,False,,,,Quentin Johnston,receiving_yards,41.5,-111.0,-113.0,LAC,JAX,False,0.520618556701031,-0.0054477940098695,-0.05113498862591359,OVER,-0.0054477940098695
8.738875804761228,3.5355339059327378,0.6369833605033217,,1.0728644866720316,1.1400000000000001,0.983695652173913,1.1,1.025974025974026,1.0,1.0,False,,,,Puka Nacua,receptions,7.5,-119.0,-108.0,LA,SEA,True,0.48623853211009177,-0.05714046332369821,-0.005469301340860988,UNDER,-0.005469301340860988
61.162716352043155,50.02266153121669,0.465452454503946,,0.8952019435661422,0.9549579831932773,0.9978260869565218,1.0,1.0,1.0,1.0,False,,,,Kimani Vidal,rushing_yards,65.5,-114.0,-110.0,LAC,JAX,False,0.48333333333333334,-0.04937694704049839,-0.0071428571428572285,UNDER,-0.0071428571428572285
29.97322053428941,25.723460664759486,0.6861251792845258,,1.036555971078845,1.1333333333333333,1.0228260869565218,0.9624810374810376,0.9935064935064936,1.0,1.05,False,,,,Josh Jacobs,receiving_yards,17.5,-112.0,-112.0,GB,NYG,False,0.520618556701031,-0.007683330091421858,-0.04892044349348379,OVER,-0.007683330091421858
30.065068897856605,12.199970725960195,0.6758604811063261,,0.9270839211756755,1.0862068965517242,1.0293478260869564,1.029563315277601,1.0,1.0,1.05,False,,,,Evan Engram,receiving_yards,24.5,-112.0,-112.0,DEN,KC,True,0.520618556701031,-0.007683330091421858,-0.04892044349348379,OVER,-0.007683330091421858
95.60606906833996,40.63208912505812,0.723501983240055,,1.0925395752669895,1.0453488372093023,1.0293478260869564,1.1,1.05,1.0,1.05,False,,,,Brock Bowers,receiving_yards,71.5,-112.0,-112.0,LV,DAL,True,0.520618556701031,-0.007683330091421858,-0.04892044349348379,OVER,-0.007683330091421858
156.8774096799439,86.73734297675175,0.583897430826738,,1.0004631624151614,1.1333333333333333,1.0358695652173913,1.0,1.0,1.0097893963369153,1.0,False,,,,Justin Fields,passing_yards,138.5,-112.0,-112.0,NYJ,NE,False,0.48,-0.04830188679245284,-0.008301886792452806,UNDER,-0.008301886792452806
243.72019018043005,67.88192362886863,0.5598379392988091,,1.096730472508248,1.1258627689809175,1.0,1.0,1.0,1.0119919184296182,1.0,False,,,,Tua Tagovailoa,passing_yards,233.5,-112.0,-112.0,MIA,WAS,True,0.48,-0.04830188679245284,-0.008301886792452806,UNDER,-0.008301886792452806
262.2603954241579,71.31152314551508,0.5710071055209232,,1.0704949712811775,0.9561561871357094,0.9967391304347826,1.0,1.0,1.0133014645914273,1.0,False,,,,Justin Herbert,passing_yards,249.5,-112.0,-112.0,LAC,JAX,False,0.48,-0.04830188679245284,-0.008301886792452806,UNDER,-0.008301886792452806
249.77790373652232,49.95558074730447,0.5970723438564767,,1.0156257097120962,0.9,0.9967391304347826,1.0,1.0,1.0171034283909322,1.0,False,,,,Jacoby Brissett,passing_yards,237.5,-112.0,-112.0,ARI,SF,True,0.48,-0.04830188679245284,-0.008301886792452806,UNDER,-0.008301886792452806
22.01203007718046,11.683321445547923,0.6181410061781215,,0.9609017971802838,1.1400000000000001,0.9967391304347826,0.9,1.05,1.0,1.05,False,,,,TreVeyon Henderson,receiving_yards,18.5,-108.0,-116.0,NE,NYJ,True,0.5100548446069469,-0.009175924623822329,-0.047091881643984035,OVER,-0.009175924623822329
21.742238445603007,25.867795753462588,0.5345373380437096,,1.0833341362399471,0.9950617283950618,1.0358695652173913,0.9,0.95,1.0,1.05,False,,,,Jaylen Warren,receiving_yards,19.5,-108.0,-116.0,PIT,CIN,True,0.5100548446069469,-0.009175924623822329,-0.047091881643984035,OVER,-0.009175924623822329
25.792414702452433,23.922792479140053,0.6197526597458967,,1.0833341362399471,1.0,1.0358695652173913,0.9,1.0204081632653061,1.0,0.95,False,,,,Darnell Washington,receiving_yards,18.5,-108.0,-116.0,PIT,CIN,True,0.5100548446069469,-0.009175924623822329,-0.047091881643984035,OVER,-0.009175924623822329
26.891841089361133,22.23896194905303,0.45331955962277404,,0.9066987273789755,1.1400000000000001,1.0152173913043478,1.0,1.0,1.0,1.0,False,,,,Jalen Hurts,rushing_yards,29.5,-109.0,-115.0,PHI,DET,True,0.4743002152715474,-0.047230885206921425,-0.00918393620177993,UNDER,-0.00918393620177993
4.190312662309308,2.5495097567963922,0.4516596380892409,,0.9730073743163565,0.92,1.0228260869565218,1.1,1.0294117647058825,1.0,1.0,False,,,,Dallas Goedert,receptions,4.5,122.0,-156.0,PHI,DET,True,0.4,-0.050450450450450435,-0.009375000000000022,UNDER,-0.009375000000000022
76.28941663838721,40.08014697850024,0.5277423770021854,,1.0643483754124512,1.0335680751173708,0.9978260869565218,1.0,1.0,1.0,1.0,False,,,,TreVeyon Henderson,rushing_yards,73.5,-113.0,-111.0,NE,NYJ,True,0.48333333333333334,-0.04718309859154929,-0.009399684044233858,UNDER,-0.009399684044233858
29.210225383916057,17.155174146594955,0.49326163359877595,,0.8894535516597257,1.0,0.9934782608695653,1.0,1.0,1.0,1.0,False,,,,Tyjae Spears,rushing_yards,29.5,-113.0,-111.0,TEN,HOU,True,0.48333333333333334,-0.04718309859154929,-0.009399684044233858,UNDER,-0.009399684044233858
22.44512397971663,19.65366802066898,0.6754948879774574,,1.0559600675542686,1.1400000000000001,1.0228260869565218,0.9,1.05,1.0,1.05,False,,,,James Cook,receiving_yards,13.5,-113.0,-111.0,BUF,TB,True,0.520618556701031,-0.00989787522385166,-0.04668490741193143,OVER,-0.00989787522385166
70.7150950979513,23.132468763863297,0.6706074806092137,Questionable,1.0297972408458325,1.0055111821086262,0.983695652173913,1.1,1.05,1.0,0.95,False,,,,Davante Adams,receiving_yards,60.5,-113.0,-111.0,LA,SEA,True,0.5200683680005955,-0.010448063924287099,-0.04613471871149599,OVER,-0.010448063924287099
25.820991415507752,16.29757991577618,0.6509359126667202,,0.956997156560121,1.0497142857142858,1.0,1.0,1.0,1.0,1.0,False,,,,Trevor Lawrence,rushing_yards,19.5,-108.0,-116.0,JAX,LAC,True,0.5087719298245613,-0.010458839406207954,-0.04580896686159841,OVER,-0.010458839406207954
227.80466956323164,76.79192665899195,0.6142662649947523,,0.9811053133606873,1.0068181818181818,1.0228260869565218,1.0,1.0,1.05,1.0,False,,,,Jalen Hurts,passing_yards,205.5,-111.0,-113.0,PHI,DET,True,0.48,-0.04606635071090048,-0.010516431924882608,UNDER,-0.010516431924882608
12.973400853241326,34.3394816501356,0.4591012951450649,,1.0004631624151614,1.1333333333333333,1.0358695652173913,0.9,0.95,1.0,0.95,False,,,,Adonai Mitchell,receiving_yards,16.5,-109.0,-115.0,NYJ,NE,False,0.5100548446069469,-0.011476255871521901,-0.04493856553717945,OVER,-0.011476255871521901
16.280975704865053,8.958236433584458,0.6218859946070106,,1.0004631624151614,1.0,1.0358695652173913,0.9,1.05,1.0,0.95,False,,,,Arian Smith,receiving_yards,13.5,-109.0,-115.0,NYJ,NE,False,0.5100548446069469,-0.011476255871521901,-0.04493856553717945,OVER,-0.011476255871521901
12.682354708761366,16.978978599601163,0.4340985249396412,,0.9004365976763424,0.8962962962962963,0.9706521739130434,0.9,1.05,1.0,1.05,False,,,,Rico Dowdle,receiving_yards,15.5,-109.0,-115.0,CAR,ATL,False,0.5100548446069469,-0.011476255871521901,-0.04493856553717945,OVER,-0.011476255871521901
19.18317131232068,12.84198842339716,0.5212130250817283,,1.050630602854402,1.0,1.0032608695652174,0.9,0.95,1.0,1.05,False,,,,Aaron Jones,receiving_yards,18.5,-109.0,-115.0,MIN,CHI,True,0.5100548446069469,-0.011476255871521901,-0.04493856553717945,OVER,-0.011476255871521901
18.154525890994236,12.473304828045105,0.5209245481983961,,1.0643483754124512,1.0,0.9978260869565218,1.0,1.0,1.0,1.0,False,,,,Terrell Jennings,rushing_yards,17.5,-112.0,-112.0,NE,NYJ,True,0.48333333333333334,-0.04496855345911949,-0.011635220125786216,UNDER,-0.011635220125786216
88.4694958699344,70.58926578768506,0.5054790304108883,,1.1313650443880916,0.8962962962962963,0.9804347826086957,1.0,1.0,1.0,1.0,False,,,,Rico Dowdle,rushing_yards,87.5,-112.0,-112.0,CAR,ATL,False,0.48333333333333334,-0.04496855345911949,-0.011635220125786216,UNDER,-0.011635220125786216
42.23842771376075,31.074283758618012,0.693739283921812,,0.9609017971802838,1.0861678004535147,0.9967391304347826,0.9,1.05,1.0,0.95,False,,,,DeMario Douglas,receiving_yards,26.5,-114.0,-110.0,NE,NYJ,True,0.520618556701031,-0.012091723672800758,-0.0444280805105548,OVER,-0.012091723672800758
50.24074454439582,20.404247923737188,0.7338228812464486,,1.036555971078845,1.0,1.0228260869565218,0.9,0.95,1.0,0.95,False,,,,Christian Watson,receiving_yards,37.5,-114.0,-110.0,GB,NYG,False,0.520618556701031,-0.012091723672800758,-0.0444280805105548,OVER,-0.012091723672800758
55.007659133141516,23.811386831874007,0.7147371000792974,,1.0634697678131715,0.9,0.9967391304347826,1.1,1.05,1.0,0.95,False,,,,Jerry Jeudy,receiving_yards,41.5,-114.0,-110.0,CLE,BAL,True,0.520618556701031,-0.012091723672800758,-0.0444280805105548,OVER,-0.012091723672800758
87.93898635829515,41.4892891131086,0.6973295760368254,,0.9958824654830447,0.9640800113491276,0.9445652173913043,1.1,1.05,1.0,0.95,False,,,,George Pickens,receiving_yards,66.5,-114.0,-110.0,DAL,LV,False,0.520618556701031,-0.012091723672800758,-0.0444280805105548,OVER,-0.012091723672800758
45.0064264371458,20.378365434395807,0.7138404430869865,,0.8652841765986559,1.1333333333333333,1.0239130434782608,1.0,1.0,1.0,1.0,False,,,,Justin Fields,rushing_yards,33.5,-116.0,-108.0,NYJ,NE,False,0.5248344052116067,-0.012202631825430355,-0.04406517444237601,OVER,-0.012202631825430355
6.1965276706287415,2.5,0.7513078360268814,,0.9730073743163565,1.107608695652174,1.0228260869565218,1.1,0.95,1.0,1.0,False,,,,DeVonta Smith,receptions,4.5,-115.0,-111.0,PHI,DET,True,0.48623853211009177,-0.04864518882014074,-0.01230488282099218,UNDER,-0.01230488282099218
44.81670549248415,30.191242291616806,0.6583470965498908,,1.014535591932578,0.9895633067838505,1.0228260869565218,1.1,0.95,1.0,0.95,False,,,,Rashid Shaheed,receiving_yards,32.5,-110.0,-114.0,SEA,LA,False,0.5108101355227157,-0.012999388286808133,-0.043520415896547426,OVER,-0.012999388286808133
20.31705670144072,15.523101064757217,0.6218394242944465,,1.0004631624151614,1.1333333333333333,1.0358695652173913,0.9,1.05,1.0,1.05,False,,,,Isaiah Davis,receiving_yards,15.5,-110.0,-114.0,NYJ,NE,False,0.5100548446069469,-0.013754679202576892,-0.04276512498077867,OVER,-0.013754679202576892
56.40060875306392,24.39398833046098,0.5310513698546828,,0.9004365976763424,1.0,0.9706521739130434,1.1,1.05,1.0,0.95,False,,,,Tetairoa McMillan,receiving_yards,54.5,-110.0,-114.0,CAR,ATL,False,0.5100548446069469,-0.013754679202576892,-0.04276512498077867,OVER,-0.013754679202576892
32.099465758555375,21.605775242039424,0.4926047137916576,,1.0833341362399471,0.9431497175141244,1.0358695652173913,1.1,0.95,1.0,0.95,False,,,,Calvin Austin III,receiving_yards,32.5,-110.0,-114.0,PIT,CIN,True,0.5100548446069469,-0.013754679202576892,-0.04276512498077867,OVER,-0.013754679202576892
31.776839635338458,33.29521630161649,0.5511043888863829,,1.0833341362399471,0.9,1.0358695652173913,0.9,1.05,1.0,0.95,False,,,,Pat Freiermuth,receiving_yards,27.5,-110.0,-114.0,PIT,CIN,True,0.5100548446069469,-0.013754679202576892,-0.04276512498077867,OVER,-0.013754679202576892
14.538426944408917,11.282730166054668,0.46604117412902624,,0.9573649706067359,0.9227686703096539,0.983695652173913,0.9,1.05,1.0,1.05,False,,,,Tyrone Tracy Jr.,receiving_yards,15.5,-110.0,-114.0,NYG,GB,True,0.5100548446069469,-0.013754679202576892,-0.04276512498077867,OVER,-0.013754679202576892
85.76462694854281,17.527121840165314,0.4832667704532039,,0.9958824654830447,1.0,0.9445652173913043,1.1,0.9818181818181818,1.0,0.95,False,,,,CeeDee Lamb,receiving_yards,86.5,-110.0,-114.0,DAL,LV,False,0.5100548446069469,-0.013754679202576892,-0.04276512498077867,OVER,-0.013754679202576892
71.203205901693,35.98610843089316,0.5188747069008031,,0.9066987273789755,1.0660409556313994,1.0152173913043478,1.0,1.0,1.0,1.0,False,,,,Saquon Barkley,rushing_yards,69.5,-111.0,-113.0,PHI,DET,True,0.48333333333333334,-0.04273301737756713,-0.013849765258216018,UNDER,-0.013849765258216018
4.681878320296548,1.5898986690282426,0.5455381254849092,,0.9375318212426298,0.9646112600536193,1.0,1.1,0.9943714821763602,1.0,1.0,False,,,,Travis Kelce,receptions,4.5,124.0,-159.0,KC,DEN,False,0.4,-0.04642857142857143,-0.013899613899613916,UNDER,-0.013899613899613916
63.67770167618357,26.394443859772206,0.7044170310407527,,1.0213185470051354,1.0,0.9967391304347826,1.1,1.0476190476190477,1.0,0.95,False,,,,George Kittle,receiving_yards,49.5,-115.0,-109.0,SF,ARI,False,0.520618556701031,-0.014265164229201543,-0.04214965717949981,OVER,-0.014265164229201543
89.6373386920722,53.73494621235276,0.5675124783776611,,0.9344826215933224,0.9124590163934426,1.0152173913043478,1.0,1.0,1.0,1.0,False,,,,James Cook,rushing_yards,80.5,-113.0,-111.0,BUF,TB,True,0.4888888888888889,-0.04162754303599375,-0.014955239599789394,UNDER,-0.014955239599789394
75.57393826710795,30.187213470985643,0.5797324128391352,,1.0312472186846688,1.1400000000000001,0.9978260869565218,1.0,1.0,1.0,1.0,False,,,,Quinshon Judkins,rushing_yards,69.5,-114.0,-111.0,CLE,BAL,True,0.4888888888888889,-0.04382139148494285,-0.014955239599789394,UNDER,-0.014955239599789394
69.2018256168677,33.502902030189034,0.5675692514946413,,1.116515031963182,1.1400000000000001,1.0195652173913043,1.0,1.0,1.0,1.0,False,,,,Ashton Jeanty,rushing_yards,63.5,-113.0,-111.0,LV,DAL,True,0.4888888888888889,-0.04162754303599375,-0.014955239599789394,UNDER,-0.014955239599789394
59.42598274970462,42.68131259045865,0.6796981766155676,,1.0111278470122107,1.1333333333333333,1.0195652173913043,1.0,1.0,1.0,1.0,False,,,,David Montgomery,rushing_yards,39.5,-110.0,-114.0,DET,PHI,False,0.5087719298245613,-0.015037593984962516,-0.041482210198393044,OVER,-0.015037593984962516
29.542839041586326,18.790195011532706,0.6057950784366278,,0.9800878700998036,0.9408284023668638,1.0,0.9,1.05,1.0,0.95,False,,,,Jaylin Lane,receiving_yards,24.5,-111.0,-113.0,WAS,MIA,False,0.5100548446069469,-0.01601150610395352,-0.04057127653182957,OVER,-0.01601150610395352
110.04722480692831,52.03364296299078,0.6174505384373326,,1.1337218024932314,0.8962962962962963,1.0032608695652174,1.1,0.95,1.0,0.9723225030084236,False,,,,Ja'Marr Chase,receiving_yards,94.5,-111.0,-113.0,CIN,PIT,False,0.5100548446069469,-0.01601150610395352,-0.04057127653182957,OVER,-0.01601150610395352
52.35176126960399,38.10161851330378,0.44625903787291155,,0.9573649706067359,0.9,0.983695652173913,1.1,1.0162950257289878,1.0,0.95,False,,,,Wan'Dale Robinson,receiving_yards,57.5,-111.0,-113.0,NYG,GB,True,0.5100548446069469,-0.01601150610395352,-0.04057127653182957,OVER,-0.01601150610395352
80.30163868593893,38.03663647440076,0.6016766929075925,,1.005087904510087,0.8962962962962963,0.983695652173913,1.1,0.9692307692307691,1.0,0.95,False,,,,Nico Collins,receiving_yards,70.5,-111.0,-113.0,HOU,TEN,False,0.5100548446069469,-0.01601150610395352,-0.04057127653182957,OVER,-0.01601150610395352
24.428851292540042,17.28293956478469,0.65575569859901,,1.005087904510087,0.8962962962962963,0.983695652173913,0.9,1.05,1.0,1.05,False,,,,Woody Marks,receiving_yards,17.5,-111.0,-113.0,HOU,TEN,False,0.5100548446069469,-0.01601150610395352,-0.04057127653182957,OVER,-0.01601150610395352
42.66991661026192,28.12452468734163,0.5307494404346248,,1.0704949712811775,0.8962962962962963,0.9967391304347826,1.1,0.95,1.0,0.95,False,,,,Keenan Allen,receiving_yards,40.5,-111.0,-113.0,LAC,JAX,False,0.5100548446069469,-0.01601150610395352,-0.04057127653182957,OVER,-0.01601150610395352
99.19297048194035,42.55563585304704,0.5991974601817402,,1.0297972408458325,1.1400000000000001,0.983695652173913,1.1,1.025974025974026,1.0,0.95,False,,,,Puka Nacua,receiving_yards,88.5,-111.0,-113.0,LA,SEA,True,0.5100548446069469,-0.01601150610395352,-0.04057127653182957,OVER,-0.01601150610395352
44.83031197122929,21.95449840010015,0.6307674194342336,,1.0634697678131715,0.9,0.9967391304347826,1.1,0.95,1.0,0.9595959595959596,False,,,,Harold Fannin Jr.,receiving_yards,37.5,-111.0,-113.0,CLE,BAL,True,0.5100548446069469,-0.01601150610395352,-0.04057127653182957,OVER,-0.01601150610395352
52.37457738872933,25.772077913897437,0.4825844074006399,,1.0834617785012863,1.0,1.0021739130434784,1.0,1.0,1.0,1.0,False,,,,Aaron Jones,rushing_yards,53.5,-111.0,-114.0,MIN,CHI,True,0.48333333333333334,-0.04273301737756713,-0.016043613707165116,UNDER,-0.016043613707165116
35.329440314364064,20.263541425701263,0.5941880059110397,,0.8908906496363298,0.9,0.9891304347826088,1.0,1.0,1.0,1.0,False,,,,Blake Corum,rushing_yards,30.5,-108.0,-116.0,LA,SEA,True,0.5027347309885882,-0.016496038242181044,-0.03977176802562532,OVER,-0.016496038242181044
6.494663009398393,2.406010991015812,0.6603459628351915,,1.054469755448618,0.946078431372549,0.983695652173913,1.1,1.0162950257289878,1.0,1.0,False,,,,Wan'Dale Robinson,receptions,5.5,-113.0,-113.0,NYG,GB,True,0.48623853211009177,-0.044277899814790855,-0.01675496403497434,UNDER,-0.01675496403497434
43.00155106802479,29.64231210055428,0.6384338640579951,,1.1022877619948008,0.9943582510578279,1.0,1.0,1.0,1.0,1.0,False,,,,Jacory Croskey-Merritt,rushing_yards,32.5,-111.0,-113.0,WAS,MIA,False,0.5087719298245613,-0.017294420886339146,-0.039288361749443945,OVER,-0.017294420886339146
28.928307709860587,8.318653737234168,0.6598753280062362,,1.1022877619948008,1.0,1.0,1.0,1.0,1.0,1.0,False,,,,Marcus Mariota,rushing_yards,25.5,-111.0,-113.0,WAS,MIA,False,0.5087719298245613,-0.017294420886339146,-0.039288361749443945,OVER,-0.017294420886339146
46.20271381105797,31.284980421921315,0.4580311196992647,,0.9800878700998036,1.1333333333333333,1.0,1.1,1.05,1.0,1.05,False,,,,Deebo Samuel Sr.,receiving_yards,49.5,-112.0,-112.0,WAS,MIA,False,0.5100548446069469,-0.01824704218550588,-0.03835673139939977,OVER,-0.01824704218550588
38.38003342396992,30.618621784789728,0.47240016028029597,,1.0559600675542686,1.1400000000000001,1.0228260869565218,1.1,0.95,1.0,0.95,False,,,,Keon Coleman,receiving_yards,40.5,-112.0,-112.0,BUF,TB,True,0.5100548446069469,-0.01824704218550588,-0.03835673139939977,OVER,-0.01824704218550588
54.7835119567082,43.94390363482365,0.5568507195162156,,1.050630602854402,1.0,1.0032608695652174,1.1,0.95,1.0,0.95,False,,,,Jordan Addison,receiving_yards,48.5,-112.0,-112.0,MIN,CHI,True,0.5100548446069469,-0.01824704218550588,-0.03835673139939977,OVER,-0.01824704218550588
47.81877992064163,38.08761828556187,0.4823960630089059,,0.9270839211756755,1.0617283950617284,1.0293478260869564,1.1,0.95,1.0,0.95,False,,,,Courtland Sutton,receiving_yards,49.5,-112.0,-112.0,DEN,KC,True,0.5100548446069469,-0.01824704218550588,-0.03835673139939977,OVER,-0.01824704218550588
41.75586361811542,40.792496586722635,0.47318313437830517,,1.0925395752669895,0.9,1.0293478260869564,1.1,0.9663865546218489,1.0,0.95,False,,,,Tre Tucker,receiving_yards,44.5,-112.0,-112.0,LV,DAL,True,0.5100548446069469,-0.01824704218550588,-0.03835673139939977,OVER,-0.01824704218550588
24.180464551752934,17.944358444926362,0.6656801024684033,,1.0925395752669895,1.1400000000000001,1.0293478260869564,0.9,1.0434782608695652,1.0,1.05,False,,,,Ashton Jeanty,receiving_yards,16.5,-115.0,-110.0,LV,DAL,True,0.5163475373876787,-0.01853618354255382,-0.040157061197202526,OVER,-0.01853618354255382
41.70024266922511,21.944328912695678,0.6789711185916915,,0.9177164785329407,0.8962962962962963,1.0152173913043478,1.0,1.0,1.0,1.0,False,,,,Zach Charbonnet,rushing_yards,31.5,-112.0,-112.0,SEA,LA,False,0.5087719298245613,-0.019529956967891504,-0.037073816617014144,OVER,-0.019529956967891504
41.39479053681891,21.289668856043768,0.5354592317475847,,0.8894535516597257,0.9941449814126394,0.9934782608695653,1.0,1.0,1.0,1.0,False,,,,Tony Pollard,rushing_yards,39.5,-108.0,-116.0,TEN,HOU,True,0.48333333333333334,-0.035897435897435936,-0.020370370370370483,UNDER,-0.020370370370370483
58.219861311700335,41.43055525926377,0.5165560992533571,,0.9609017971802838,0.9550709588092766,0.9967391304347826,1.1,0.95,1.0,0.95,False,,,,Stefon Diggs,receiving_yards,56.5,-113.0,-111.0,NE,NYJ,True,0.5100548446069469,-0.02046158731793568,-0.03612119531784741,OVER,-0.02046158731793568
31.384764211707363,23.2913908749325,0.49802621316789375,,1.0004631624151614,1.1333333333333333,1.0358695652173913,1.1,1.05,1.0,0.95,False,,,,Mason Taylor,receiving_yards,31.5,-113.0,-111.0,NYJ,NE,False,0.5100548446069469,-0.02046158731793568,-0.03612119531784741,OVER,-0.02046158731793568
20.453556806789287,14.434718948116416,0.6079162637603523,,1.0004631624151614,0.9444772593030124,1.0358695652173913,0.9,1.05,1.0,1.05,False,,,,Breece Hall,receiving_yards,16.5,-113.0,-111.0,NYJ,NE,False,0.5100548446069469,-0.02046158731793568,-0.03612119531784741,OVER,-0.02046158731793568
30.48337121825466,14.517231140957975,0.5543351542897448,,1.096730472508248,0.9863945578231292,1.0,0.9909349752241031,1.05,1.0,1.05,False,,,,Malik Washington,receiving_yards,28.5,-113.0,-111.0,MIA,WAS,True,0.5100548446069469,-0.02046158731793568,-0.03612119531784741,OVER,-0.02046158731793568
79.93602037739427,26.105554964413226,0.5523576768597525,,1.0156257097120962,0.9566340782122905,0.9967391304347826,1.1,0.95,1.0,0.95,False,,,,Trey McBride,receiving_yards,76.5,-113.0,-111.0,ARI,SF,True,0.5100548446069469,-0.02046158731793568,-0.03612119531784741,OVER,-0.02046158731793568
44.43143832671642,28.048568987066385,0.5557353376524836,,0.9270839211756755,1.1292134831460674,1.0293478260869564,1.1,0.95,1.0,0.95,False,,,,Troy Franklin,receiving_yards,40.5,-113.0,-111.0,DEN,KC,True,0.5100548446069469,-0.02046158731793568,-0.03612119531784741,OVER,-0.02046158731793568
5.195318587505901,2.23606797749979,0.622082935999634,,0.9730073743163565,1.1285714285714286,0.9967391304347826,1.1,0.95,1.0,1.0,False,,,,Kyle Pitts,receptions,4.5,-110.0,-115.0,ATL,CAR,True,0.48623853211009177,-0.037570991699432066,-0.021122253040324224,UNDER,-0.021122253040324224
5.821413205844641,2.1317702607092643,0.5599225717202999,,0.9942927061605925,1.0138888888888888,1.0,1.1,1.010204081632653,1.0,1.0,False,,,,De'Von Achane,receptions,5.5,-108.0,-118.0,MIA,WAS,True,0.48,-0.03923076923076929,-0.021284403669724727,UNDER,-0.021284403669724727
85.8146809359866,48.84357116800986,0.5836257576458809,,0.9220277724627531,1.1333333333333333,0.9630434782608697,1.0,1.0,1.0,1.0,False,,,,Derrick Henry,rushing_yards,75.5,-110.0,-114.0,BAL,CLE,False,0.4888888888888889,-0.03492063492063496,-0.021599169262720652,UNDER,-0.021599169262720652
29.86084893074755,21.391587131393504,0.634614525322246,,0.8952019435661422,0.9361179361179361,0.9978260869565218,1.0,1.0,1.0,1.0,False,,,,Justin Herbert,rushing_yards,22.5,-113.0,-111.0,LAC,JAX,False,0.5087719298245613,-0.021744502100321306,-0.034838280535461785,OVER,-0.021744502100321306
61.802797751761744,30.613770000000006,0.6193889153374617,,0.9507697319948363,1.1400000000000001,1.0195652173913043,1.0,1.0,1.0,1.0,True,JK Dobbins to IR - RJ Harvey becomes RB1 for Denver,17.008935590657416,ROLE CHANGE: JK Dobbins to IR - RJ Harvey becomes RB1 for Denver | Original: 17.0 -> Adjusted: 61.8,RJ Harvey,rushing_yards,52.5,-113.0,-111.0,DEN,KC,True,0.5087719298245613,-0.021744502100321306,-0.034838280535461785,OVER,-0.021744502100321306
45.75858951619886,16.61324772583615,0.4822020448575175,,0.986410553221009,1.060981308411215,0.9967391304347826,1.1,0.95,1.0,0.95,False,,,,Kyle Pitts,receiving_yards,46.5,-114.0,-110.0,ATL,CAR,True,0.5100548446069469,-0.02265543576688478,-0.03386436841647078,OVER,-0.02265543576688478
55.141238948117014,38.72911623629494,0.5271858946915216,,1.0833341362399471,1.0624,1.0358695652173913,1.1,0.95,1.0,1.05,False,,,,DK Metcalf,receiving_yards,52.5,-114.0,-110.0,PIT,CIN,True,0.5100548446069469,-0.02265543576688478,-0.03386436841647078,OVER,-0.02265543576688478
48.99552049399233,26.800704800019304,0.5073756572815897,,1.036555971078845,1.0021217479161404,1.0228260869565218,1.1,0.95,1.0,0.95,False,,,,Romeo Doubs,receiving_yards,48.5,-114.0,-110.0,GB,NYG,False,0.5100548446069469,-0.02265543576688478,-0.03386436841647078,OVER,-0.02265543576688478
40.1834283576882,22.701933348897352,0.4419243670367591,,0.9573649706067359,0.9,0.983695652173913,1.1,1.05,1.0,0.95,False,,,,Theo Johnson,receiving_yards,43.5,-114.0,-110.0,NYG,GB,True,0.5100548446069469,-0.02265543576688478,-0.03386436841647078,OVER,-0.02265543576688478
72.15667500739033,34.106858222031796,0.6447143245780234,,0.9072195527489,1.1333333333333333,0.9445652173913043,1.1,1.05,1.0,0.95,False,,,,Zay Flowers,receiving_yards,59.5,-114.0,-110.0,BAL,CLE,False,0.5100548446069469,-0.02265543576688478,-0.03386436841647078,OVER,-0.02265543576688478
16.184186624050643,16.148615351719098,0.5168973826901196,,0.9270839211756755,0.9,1.0293478260869564,0.9,1.0208333333333335,1.0,1.05,False,,,,RJ Harvey,receiving_yards,15.5,-114.0,-110.0,DEN,KC,True,0.5100548446069469,-0.02265543576688478,-0.03386436841647078,OVER,-0.02265543576688478
66.72166358329302,37.711772403027915,0.5759315969776561,,0.8652841765986559,1.008125362739408,1.0239130434782608,1.0,1.0,1.0,1.0,False,,,,Breece Hall,rushing_yards,59.5,-109.0,-115.0,NYJ,NE,False,0.4888888888888889,-0.03264221158957997,-0.023772609819121437,UNDER,-0.023772609819121437
24.972454762330063,15.777973394718488,0.41154438314015807,,1.050630602854402,1.025581395348837,1.0032608695652174,1.0315486078175038,1.05,1.0,1.05,False,,,,T.J. Hockenson,receiving_yards,28.5,-114.0,-110.0,MIN,CHI,True,0.49999999999999994,-0.03271028037383178,-0.023809523809523836,UNDER,-0.023809523809523836
10.204561248181761,5.683308895353129,0.40984744670755735,,1.0704949712811775,0.8962962962962963,0.9967391304347826,0.9,0.95,1.0,1.05,False,,,,Kimani Vidal,receiving_yards,11.5,-114.0,-110.0,LAC,JAX,False,0.49999999999999994,-0.03271028037383178,-0.023809523809523836,UNDER,-0.023809523809523836
57.82212047674623,28.08667141387728,0.6949483029790944,,0.9177164785329407,1.052309020284851,1.0152173913043478,1.0,1.0,1.0,1.0,False,,,,Kenneth Walker III,rushing_yards,43.5,-114.0,-110.0,SEA,LA,False,0.5087719298245613,-0.023938350549270404,-0.032581453634085156,OVER,-0.023938350549270404
27.821882987303955,12.615183595289334,0.6038496413077391,,0.9507697319948363,0.9,1.0195652173913043,1.0,1.0,1.0,1.0,False,,,,Bo Nix,rushing_yards,24.5,-114.0,-110.0,DEN,KC,True,0.5087719298245613,-0.023938350549270404,-0.032581453634085156,OVER,-0.023938350549270404
42.814860400844324,37.05866220527186,0.5249036372926326,,0.9609017971802838,0.9,0.9967391304347826,0.9211920501849068,0.95,1.0,0.95,False,,,,Mack Hollins,receiving_yards,40.5,-115.0,-110.0,NE,NYJ,True,0.5100548446069469,-0.024828876323285565,-0.03386436841647078,OVER,-0.024828876323285565
35.252395003847866,25.609657269369016,0.44954470492788756,,0.9609017971802838,1.1400000000000001,0.9967391304347826,1.0818902075225787,0.95,1.0,0.95,False,,,,Hunter Henry,receiving_yards,38.5,-115.0,-109.0,NE,NYJ,True,0.5100548446069469,-0.024828876323285565,-0.03158594508541579,OVER,-0.024828876323285565
47.97043782357836,34.50161026837894,0.6411166290933227,,0.986410553221009,1.1400000000000001,0.9967391304347826,1.1,1.0465116279069768,1.0,1.05,False,,,,Bijan Robinson,receiving_yards,35.5,-115.0,-109.0,ATL,CAR,True,0.5100548446069469,-0.024828876323285565,-0.03158594508541579,OVER,-0.024828876323285565
39.76748740074762,29.359836511806396,0.5443072287715837,,0.9811053133606873,0.9,1.0228260869565218,1.1,1.0294117647058825,1.0,0.95,False,,,,Dallas Goedert,receiving_yards,36.5,-115.0,-109.0,PHI,DET,True,0.5100548446069469,-0.024828876323285565,-0.03158594508541579,OVER,-0.024828876323285565
44.3424910628416,21.830515994163505,0.657280303656026,,0.9958824654830447,0.9231974075074264,0.9445652173913043,1.1,0.9948979591836734,1.0,1.05,False,,,,Jake Ferguson,receiving_yards,35.5,-115.0,-109.0,DAL,LV,False,0.5100548446069469,-0.024828876323285565,-0.03158594508541579,OVER,-0.024828876323285565
4.920393099652581,1.7728105208558367,0.7884948903100962,,1.0728644866720316,0.9083333333333333,0.9967391304347826,1.1,1.05,1.0,1.0,False,,,,Jerry Jeudy,receptions,3.5,-126.0,-101.0,CLE,BAL,True,0.530612244897959,-0.026909878995846293,-0.033099807087013766,OVER,-0.026909878995846293
25.841489812032915,25.07666815416844,0.5530025404315428,,0.9794095745925478,0.999405646359584,1.0293478260869564,0.9029189123868758,0.95,1.0,1.05,False,,,,Jahmyr Gibbs,receiving_yards,22.5,-116.0,-108.0,DET,PHI,False,0.5100548446069469,-0.026982192430090146,-0.029285613837716218,OVER,-0.026982192430090146
5.054501273468928,1.922093765778466,0.6135134497437629,,0.9730073743163565,0.996875,0.9967391304347826,1.1,1.0465116279069768,1.0,1.0,False,,,,Bijan Robinson,receptions,4.5,-108.0,-118.0,ATL,CAR,True,0.48623853211009177,-0.0329922371206775,-0.02752293577981646,UNDER,-0.02752293577981646
2.353613729628854,1.4638501094227998,0.4601718212033905,,1.0203081117479922,1.099009900990099,1.0358695652173913,0.9,1.05,1.0,1.0,False,,,,Isaiah Davis,receptions,2.5,134.0,-171.0,NYJ,NE,False,0.4,-0.02735042735042731,-0.030996309963099655,UNDER,-0.030996309963099655
4.131224554853721,2.29128784747792,0.6085297049375238,,1.1201652241036673,0.8962962962962963,1.0032608695652174,0.9405797363330225,0.95,1.0,1.0,False,,,,Chase Brown,receptions,3.5,-105.0,-121.0,CIN,PIT,False,0.48623853211009177,-0.025956589841127753,-0.03374984432728634,UNDER,-0.03374984432728634
4.128976880721145,0.7071067811865476,0.8131348391613515,,0.9441013681081347,1.1333333333333333,0.983695652173913,1.1,0.95,1.0,1.0,False,,,,DJ Moore,receptions,3.5,-130.0,102.0,CHI,MIN,False,0.530612244897959,-0.03460514640638879,-0.02566174984845404,OVER,-0.03460514640638879
2.4265358118817466,0.9486832980505138,0.46913753461537244,,0.9540870793437022,1.0303030303030303,0.9967391304347826,0.9,1.05,1.0,1.0,False,,,,DeMario Douglas,receptions,2.5,137.0,-176.0,NE,NYJ,True,0.4,-0.02194092827004218,-0.03768115942028982,UNDER,-0.03768115942028982
8.263900818313106,1.8027756377319946,0.6641207971214736,,1.046586299210012,1.0,1.0228260869565218,1.1,1.05,1.0,1.0,False,,,,Jaxon Smith-Njigba,receptions,7.5,-104.0,-123.0,SEA,LA,False,0.48623853211009177,-0.023565389458535646,-0.03780803883654915,UNDER,-0.03780803883654915
6.319971509608816,10.90489186863706,0.5662736511929629,,0.9177164785329407,1.1333333333333333,1.0152173913043478,1.0,1.0,1.0,1.0,False,,,,Sam Darnold,rushing_yards,4.5,100.0,-125.0,SEA,LA,False,0.4885593187877283,-0.011440681212271708,-0.04411487434328387,UNDER,-0.04411487434328387
5.251176432063601,2.1339098923270936,0.6375879240107577,,0.9441013681081347,0.982089552238806,0.983695652173913,1.1,1.05,1.0,1.0,False,,,,Rome Odunze,receptions,4.5,102.0,-130.0,CHI,MIN,False,0.48623853211009177,-0.008810972840403275,-0.0514559234144395,UNDER,-0.0514559234144395
8.221958259948945,1.855921454276674,0.6513628862490297,,1.04395848046381,1.018181818181818,0.9967391304347826,1.1,0.95,1.0,1.0,False,,,,Trey McBride,receptions,7.5,104.0,-133.0,ARI,SF,True,0.48623853211009177,-0.003957546321280758,-0.057053982753868526,UNDER,-0.057053982753868526
6.185741004208923,2.0,0.6341520580004607,,0.9992855617783762,0.9737704918032787,0.983695652173913,1.1,0.9692307692307691,1.0,1.0,False,,,,Nico Collins,receptions,5.5,105.0,-134.0,HOU,TEN,False,0.48623853211009177,-0.0015663459386887069,-0.05888810475966433,UNDER,-0.05888810475966433
6.378385929309757,2.2973414586817036,0.7932170757858463,,1.0203081117479922,0.9706013363028954,0.9445652173913043,1.1,1.05,1.0,1.0,False,,,,George Pickens,receptions,4.5,-144.0,113.0,DAL,LV,False,0.530612244897959,-0.0595516895282705,-9.581297307637016e-05,OVER,-0.0595516895282705
3.919314378510352,1.4142135623730951,0.616575881976792,,0.9677517368239525,1.1320000000000001,1.0293478260869564,1.029563315277601,1.0,1.0,1.0,False,,,,Evan Engram,receptions,3.5,106.0,-136.0,DEN,KC,True,0.48623853211009177,0.0008016389062082685,-0.0625097185507697,UNDER,-0.0625097185507697
5.075016186986077,1.7320508075688772,0.8184136085067164,,1.0728644866720316,0.98125,0.9967391304347826,1.1,0.95,1.0,1.0,False,,,,Harold Fannin Jr.,receptions,3.5,-159.0,124.0,CLE,BAL,True,0.530612244897959,-0.0832873690016549,0.022959183673469552,OVER,-0.0832873690016549
7.579823069982282,3.6147844564602556,0.6174246992113042,,1.036075024225204,1.1400000000000001,1.0293478260869564,1.1,1.05,1.0,1.0,False,,,,Brock Bowers,receptions,6.5,118.0,-150.0,LV,DAL,True,0.48623853211009177,0.027522935779816515,-0.08623853211009169,UNDER,-0.08623853211009169
6.170477846343842,0.9999999999999999,0.7487233878966238,Questionable,1.0728644866720316,0.98125,0.983695652173913,1.1,1.05,1.0,1.0,False,,,,Davante Adams,receptions,5.5,121.0,-155.0,LA,SEA,True,0.48623853211009177,0.03374984432728634,-0.09408166936499363,UNDER,-0.09408166936499363
3.691835311831574,1.4142135623730951,0.553950240907969,,1.0413306617176081,1.0,1.0358695652173913,1.1,0.95,1.0,1.0,False,,,,Calvin Austin III,receptions,3.5,125.0,-160.0,PIT,CIN,True,0.48,0.03555555555555556,-0.0953846153846154,UNDER,-0.0953846153846154
3.717640255969739,1.96638416050035,0.7321169366514443,,1.1201652241036673,1.0,1.0032608695652174,0.9,1.05,1.0,1.0,False,,,,Andrei Iosivas,receptions,2.5,124.0,-159.0,CIN,PIT,False,0.48623853211009177,0.03980996068152032,-0.10013814600970561,UNDER,-0.10013814600970561
3.556553369741005,1.4577379737113252,0.7657094513903715,,1.036075024225204,1.1090909090909091,1.0293478260869564,0.9,1.0434782608695652,1.0,1.0,False,,,,Ashton Jeanty,receptions,2.5,-159.0,124.0,LV,DAL,True,0.5135392754053303,-0.10036033849428361,0.04003215316609826,OVER,-0.10036033849428361
